assay_family,modality,tracks,biosamples
CAGE,CAGE,1276,0
ChIP-seq,ChIP-seq:H3K4me3,321,188
ChIP-seq,ChIP-seq:H3K36me3,266,160
ChIP-seq,ChIP-seq:H3K27me3,257,153
ChIP-seq,ChIP-seq:H3K4me1,255,151
ChIP-seq,ChIP-seq:H3K9me3,249,147
ChIP-seq,ChIP-seq:H3K27ac,225,148
ChIP-seq,ChIP-seq:CTCF,201,122
ChIP-seq,ChIP-seq:H3K9ac,94,74
ChIP-seq,ChIP-seq:POLR2A,85,37
ChIP-seq,ChIP-seq:H2AFZ,45,44
ChIP-seq,ChIP-seq:POLR2AphosphoS5,45,27
ChIP-seq,ChIP-seq:H3K4me2,40,40
ChIP-seq,ChIP-seq:H3K79me2,36,35
ChIP-seq,ChIP-seq:H4K20me1,36,36
ChIP-seq,ChIP-seq:EP300,27,15
ChIP-seq,ChIP-seq:REST,21,13
ChIP-seq,ChIP-seq:EZH2,18,18
ChIP-seq,ChIP-seq:H3F3A,16,16
ChIP-seq,ChIP-seq:H3K9me2,16,16
ChIP-seq,ChIP-seq:EZH2phosphoT487,14,14
ChIP-seq,ChIP-seq:JUND,14,10
ChIP-seq,ChIP-seq:RAD21,14,9
ChIP-seq,ChIP-seq:YY1,14,11
ChIP-seq,ChIP-seq:GABPA,12,9
ChIP-seq,ChIP-seq:FOXA1,11,7
ChIP-seq,ChIP-seq:MYC,11,5
ChIP-seq,ChIP-seq:TAF1,11,11
ChIP-seq,ChIP-seq:NR3C1,10,3
ChIP-seq,ChIP-seq:SIN3A,10,7
ChIP-seq,ChIP-seq:HDAC2,9,5
ChIP-seq,ChIP-seq:MAFK,9,8
ChIP-seq,ChIP-seq:SP1,9,7
ChIP-seq,ChIP-seq:ZNF24,9,5
ChIP-seq,ChIP-seq:ATF3,8,5
ChIP-seq,ChIP-seq:GTF2F1,8,5
ChIP-seq,ChIP-seq:H3K23ac,8,7
ChIP-seq,ChIP-seq:H3K4ac,8,7
ChIP-seq,ChIP-seq:H3K79me1,8,7
ChIP-seq,ChIP-seq:H4K8ac,8,6
ChIP-seq,ChIP-seq:JUN,8,4
ChIP-seq,ChIP-seq:NRF1,8,5
ChIP-seq,ChIP-seq:TCF12,8,5
ChIP-seq,ChIP-seq:ZBTB33,8,6
ChIP-seq,ChIP-seq:BHLHE40,7,5
ChIP-seq,ChIP-seq:CEBPB,7,5
ChIP-seq,ChIP-seq:EGR1,7,4
ChIP-seq,ChIP-seq:ELF1,7,5
ChIP-seq,ChIP-seq:FOS,7,4
ChIP-seq,ChIP-seq:H2AK5ac,7,7
ChIP-seq,ChIP-seq:H2BK120ac,7,7
ChIP-seq,ChIP-seq:H2BK12ac,7,6
ChIP-seq,ChIP-seq:H2BK5ac,7,7
ChIP-seq,ChIP-seq:H3K14ac,7,6
ChIP-seq,ChIP-seq:H3K18ac,7,6
ChIP-seq,ChIP-seq:KDM1A,7,5
ChIP-seq,ChIP-seq:MNT,7,3
ChIP-seq,ChIP-seq:RCOR1,7,7
ChIP-seq,ChIP-seq:RFX5,7,7
ChIP-seq,ChIP-seq:RNF2,7,4
ChIP-seq,ChIP-seq:SUZ12,7,6
ChIP-seq,ChIP-seq:USF2,7,6
ChIP-seq,ChIP-seq:ARNT,6,4
ChIP-seq,ChIP-seq:BCLAF1,6,3
ChIP-seq,ChIP-seq:CREB1,6,3
ChIP-seq,ChIP-seq:ESR1,6,2
ChIP-seq,ChIP-seq:FOXK2,6,5
ChIP-seq,ChIP-seq:H2BK15ac,6,6
ChIP-seq,ChIP-seq:H4K91ac,6,6
ChIP-seq,ChIP-seq:IKZF1,6,3
ChIP-seq,ChIP-seq:MAX,6,4
ChIP-seq,ChIP-seq:MAZ,6,6
ChIP-seq,ChIP-seq:SMC3,6,6
ChIP-seq,ChIP-seq:ZFX,6,6
ChIP-seq,ChIP-seq:ATF2,5,4
ChIP-seq,ChIP-seq:CHD1,5,4
ChIP-seq,ChIP-seq:ELK1,5,5
ChIP-seq,ChIP-seq:ESRRA,5,4
ChIP-seq,ChIP-seq:ETS1,5,5
ChIP-seq,ChIP-seq:HDAC1,5,2
ChIP-seq,ChIP-seq:HDGF,5,4
ChIP-seq,ChIP-seq:IRF1,5,1
ChIP-seq,ChIP-seq:NFRKB,5,4
ChIP-seq,ChIP-seq:RFX1,5,3
ChIP-seq,ChIP-seq:RXRA,5,4
ChIP-seq,ChIP-seq:TBP,5,5
ChIP-seq,ChIP-seq:ZBTB40,5,4
ChIP-seq,ChIP-seq:ZNF274,5,4
ChIP-seq,ChIP-seq:ZNF639,5,3
ChIP-seq,ChIP-seq:ARID3A,4,4
ChIP-seq,ChIP-seq:ATF7,4,4
ChIP-seq,ChIP-seq:BACH1,4,3
ChIP-seq,ChIP-seq:BCL11A,4,3
ChIP-seq,ChIP-seq:BRCA1,4,4
ChIP-seq,ChIP-seq:CEBPG,4,3
ChIP-seq,ChIP-seq:CUX1,4,3
ChIP-seq,ChIP-seq:DPF2,4,3
ChIP-seq,ChIP-seq:ETV6,4,2
ChIP-seq,ChIP-seq:FOXA2,4,2
ChIP-seq,ChIP-seq:GATA2,4,3
ChIP-seq,ChIP-seq:GATAD2B,4,3
ChIP-seq,ChIP-seq:H4K5ac,4,4
ChIP-seq,ChIP-seq:HCFC1,4,4
ChIP-seq,ChIP-seq:HDAC6,4,4
ChIP-seq,ChIP-seq:MLLT1,4,3
ChIP-seq,ChIP-seq:MTA2,4,3
ChIP-seq,ChIP-seq:MXI1,4,4
ChIP-seq,ChIP-seq:NBN,4,4
ChIP-seq,ChIP-seq:NCOR1,4,2
ChIP-seq,ChIP-seq:NFE2L2,4,4
ChIP-seq,ChIP-seq:PHF8,4,4
ChIP-seq,ChIP-seq:PKNOX1,4,4
ChIP-seq,ChIP-seq:POLR2AphosphoS2,4,4
ChIP-seq,ChIP-seq:RAD51,4,4
ChIP-seq,ChIP-seq:SIX5,4,4
ChIP-seq,ChIP-seq:SMARCA4,4,2
ChIP-seq,ChIP-seq:SRF,4,2
ChIP-seq,ChIP-seq:STAT1,4,2
ChIP-seq,ChIP-seq:STAT3,4,2
ChIP-seq,ChIP-seq:TBL1XR1,4,3
ChIP-seq,ChIP-seq:TRIM22,4,3
ChIP-seq,ChIP-seq:TRIM28,4,2
ChIP-seq,ChIP-seq:UBTF,4,3
ChIP-seq,ChIP-seq:USF1,4,4
ChIP-seq,ChIP-seq:YBX1,4,4
ChIP-seq,ChIP-seq:ZBTB11,4,3
ChIP-seq,ChIP-seq:ZNF384,4,4
ChIP-seq,ChIP-seq:ZNF592,4,3
ChIP-seq,ChIP-seq:ASH2L,3,3
ChIP-seq,ChIP-seq:ATF1,3,2
ChIP-seq,ChIP-seq:BMI1,3,3
ChIP-seq,ChIP-seq:CBX3,3,2
ChIP-seq,ChIP-seq:CEBPZ,3,3
ChIP-seq,ChIP-seq:CHD4,3,3
ChIP-seq,ChIP-seq:CREM,3,3
ChIP-seq,ChIP-seq:CTBP1,3,3
ChIP-seq,ChIP-seq:DDX20,3,2
ChIP-seq,ChIP-seq:E2F8,3,3
ChIP-seq,ChIP-seq:E4F1,3,3
ChIP-seq,ChIP-seq:EHMT2,3,3
ChIP-seq,ChIP-seq:FOSL1,3,2
ChIP-seq,ChIP-seq:FOSL2,3,3
ChIP-seq,ChIP-seq:GATA1,3,2
ChIP-seq,ChIP-seq:GATA3,3,3
ChIP-seq,ChIP-seq:H2BK20ac,3,3
ChIP-seq,ChIP-seq:H3K56ac,3,3
ChIP-seq,ChIP-seq:HNF4A,3,2
ChIP-seq,ChIP-seq:IRF3,3,2
ChIP-seq,ChIP-seq:KDM5A,3,3
ChIP-seq,ChIP-seq:KLF16,3,3
ChIP-seq,ChIP-seq:KLF9,3,3
ChIP-seq,ChIP-seq:LEF1,3,2
ChIP-seq,ChIP-seq:MAFF,3,3
ChIP-seq,ChIP-seq:MCM7,3,1
ChIP-seq,ChIP-seq:MTA3,3,3
ChIP-seq,ChIP-seq:NCOA1,3,1
ChIP-seq,ChIP-seq:NFATC3,3,2
ChIP-seq,ChIP-seq:NFE2,3,2
ChIP-seq,ChIP-seq:NFXL1,3,3
ChIP-seq,ChIP-seq:NR2C1,3,2
ChIP-seq,ChIP-seq:NR2C2,3,2
ChIP-seq,ChIP-seq:NR2F1,3,3
ChIP-seq,ChIP-seq:NR2F2,3,2
ChIP-seq,ChIP-seq:NR2F6,3,2
ChIP-seq,ChIP-seq:PAX5,3,2
ChIP-seq,ChIP-seq:PBX2,3,2
ChIP-seq,ChIP-seq:RBBP5,3,3
ChIP-seq,ChIP-seq:SMARCA5,3,3
ChIP-seq,ChIP-seq:SMARCE1,3,3
ChIP-seq,ChIP-seq:SREBF1,3,3
ChIP-seq,ChIP-seq:TAF7,3,2
ChIP-seq,ChIP-seq:TCF7,3,3
ChIP-seq,ChIP-seq:ZBTB7A,3,3
ChIP-seq,ChIP-seq:ZEB2,3,2
ChIP-seq,ChIP-seq:ZKSCAN1,3,3
ChIP-seq,ChIP-seq:ZNF184,3,2
ChIP-seq,ChIP-seq:ZNF217,3,2
ChIP-seq,ChIP-seq:ZSCAN29,3,2
ChIP-seq,ChIP-seq:AFF1,2,1
ChIP-seq,ChIP-seq:BCL3,2,2
ChIP-seq,ChIP-seq:BRD4,2,2
ChIP-seq,ChIP-seq:CBX2,2,2
ChIP-seq,ChIP-seq:CBX5,2,2
ChIP-seq,ChIP-seq:CHAMP1,2,1
ChIP-seq,ChIP-seq:CLOCK,2,1
ChIP-seq,ChIP-seq:COPS2,2,2
ChIP-seq,ChIP-seq:E2F1,2,1
ChIP-seq,ChIP-seq:E2F4,2,2
ChIP-seq,ChIP-seq:EBF1,2,1
ChIP-seq,ChIP-seq:ELF4,2,2
ChIP-seq,ChIP-seq:FOXM1,2,2
ChIP-seq,ChIP-seq:FOXP1,2,1
ChIP-seq,ChIP-seq:FUS,2,2
ChIP-seq,ChIP-seq:GABPB1,2,2
ChIP-seq,ChIP-seq:GATAD2A,2,2
ChIP-seq,ChIP-seq:H3K23me2,2,2
ChIP-seq,ChIP-seq:H3K9me1,2,2
ChIP-seq,ChIP-seq:HDAC8,2,1
ChIP-seq,ChIP-seq:HES1,2,2
ChIP-seq,ChIP-seq:HNF4G,2,2
ChIP-seq,ChIP-seq:HNRNPK,2,2
ChIP-seq,ChIP-seq:HSF1,2,2
ChIP-seq,ChIP-seq:IKZF2,2,1
ChIP-seq,ChIP-seq:IRF2,2,2
ChIP-seq,ChIP-seq:JUNB,2,2
ChIP-seq,ChIP-seq:KAT2B,2,2
ChIP-seq,ChIP-seq:KAT8,2,2
ChIP-seq,ChIP-seq:KDM4B,2,1
ChIP-seq,ChIP-seq:KLF1,2,2
ChIP-seq,ChIP-seq:L3MBTL2,2,2
ChIP-seq,ChIP-seq:MBD1,2,1
ChIP-seq,ChIP-seq:MBD2,2,2
ChIP-seq,ChIP-seq:MCM2,2,1
ChIP-seq,ChIP-seq:MCM5,2,1
ChIP-seq,ChIP-seq:MEF2A,2,2
ChIP-seq,ChIP-seq:MITF,2,1
ChIP-seq,ChIP-seq:MTA1,2,2
ChIP-seq,ChIP-seq:MYNN,2,2
ChIP-seq,ChIP-seq:NANOG,2,2
ChIP-seq,ChIP-seq:NCOA2,2,1
ChIP-seq,ChIP-seq:NCOA3,2,1
ChIP-seq,ChIP-seq:NEUROD1,2,2
ChIP-seq,ChIP-seq:NFIB,2,1
ChIP-seq,ChIP-seq:NFIC,2,2
ChIP-seq,ChIP-seq:NKRF,2,2
ChIP-seq,ChIP-seq:NR4A1,2,1
ChIP-seq,ChIP-seq:PAX8,2,2
ChIP-seq,ChIP-seq:PHB2,2,2
ChIP-seq,ChIP-seq:POLR2G,2,2
ChIP-seq,ChIP-seq:POU5F1,2,2
ChIP-seq,ChIP-seq:PRDM10,2,2
ChIP-seq,ChIP-seq:PYGO2,2,1
ChIP-seq,ChIP-seq:RB1,2,2
ChIP-seq,ChIP-seq:RBFOX2,2,2
ChIP-seq,ChIP-seq:RUNX1,2,1
ChIP-seq,ChIP-seq:SAP30,2,2
ChIP-seq,ChIP-seq:SETDB1,2,1
ChIP-seq,ChIP-seq:SIN3B,2,2
ChIP-seq,ChIP-seq:SIRT6,2,2
ChIP-seq,ChIP-seq:SKIL,2,2
ChIP-seq,ChIP-seq:SMAD1,2,2
ChIP-seq,ChIP-seq:SMAD5,2,2
ChIP-seq,ChIP-seq:SMARCC2,2,2
ChIP-seq,ChIP-seq:SOX13,2,1
ChIP-seq,ChIP-seq:SOX6,2,2
ChIP-seq,ChIP-seq:SPI1,2,2
ChIP-seq,ChIP-seq:SREBF2,2,2
ChIP-seq,ChIP-seq:STAT5A,2,2
ChIP-seq,ChIP-seq:SUPT20H,2,2
ChIP-seq,ChIP-seq:TAL1,2,1
ChIP-seq,ChIP-seq:TBX3,2,1
ChIP-seq,ChIP-seq:TCF7L2,2,2
ChIP-seq,ChIP-seq:TRIM24,2,1
ChIP-seq,ChIP-seq:TRIM25,2,1
ChIP-seq,ChIP-seq:XRCC5,2,2
ChIP-seq,ChIP-seq:ZBED1,2,2
ChIP-seq,ChIP-seq:ZBTB1,2,2
ChIP-seq,ChIP-seq:ZBTB26,2,2
ChIP-seq,ChIP-seq:ZBTB5,2,1
ChIP-seq,ChIP-seq:ZBTB8A,2,2
ChIP-seq,ChIP-seq:ZC3H8,2,1
ChIP-seq,ChIP-seq:ZEB1,2,2
ChIP-seq,ChIP-seq:ZHX1,2,2
ChIP-seq,ChIP-seq:ZHX2,2,2
ChIP-seq,ChIP-seq:ZKSCAN8,2,2
ChIP-seq,ChIP-seq:ZMYM3,2,2
ChIP-seq,ChIP-seq:ZNF146,2,2
ChIP-seq,ChIP-seq:ZNF148,2,2
ChIP-seq,ChIP-seq:ZNF175,2,2
ChIP-seq,ChIP-seq:ZNF282,2,2
ChIP-seq,ChIP-seq:ZNF3,2,2
ChIP-seq,ChIP-seq:ZNF316,2,1
ChIP-seq,ChIP-seq:ZNF318,2,1
ChIP-seq,ChIP-seq:ZNF407,2,1
ChIP-seq,ChIP-seq:ZNF48,2,2
ChIP-seq,ChIP-seq:ZNF507,2,2
ChIP-seq,ChIP-seq:ZNF512B,2,1
ChIP-seq,ChIP-seq:ZNF580,2,2
ChIP-seq,ChIP-seq:ZNF644,2,2
ChIP-seq,ChIP-seq:ZNF687,2,2
ChIP-seq,ChIP-seq:ZNF740,2,1
ChIP-seq,ChIP-seq:ZNF792,2,2
ChIP-seq,ChIP-seq:ZNF830,2,1
ChIP-seq,ChIP-seq:ZZZ3,2,2
ChIP-seq,ChIP-seq:ADNP,1,1
ChIP-seq,ChIP-seq:AEBP2,1,1
ChIP-seq,ChIP-seq:AHR,1,1
ChIP-seq,ChIP-seq:ARHGAP35,1,1
ChIP-seq,ChIP-seq:ARID1B,1,1
ChIP-seq,ChIP-seq:ARID2,1,1
ChIP-seq,ChIP-seq:ARID4B,1,1
ChIP-seq,ChIP-seq:ASH1L,1,1
ChIP-seq,ChIP-seq:ATF4,1,1
ChIP-seq,ChIP-seq:ATM,1,1
ChIP-seq,ChIP-seq:BATF,1,1
ChIP-seq,ChIP-seq:BCL11B,1,1
ChIP-seq,ChIP-seq:BCL6,1,1
ChIP-seq,ChIP-seq:BCL6B,1,1
ChIP-seq,ChIP-seq:BCOR,1,1
ChIP-seq,ChIP-seq:BRD9,1,1
ChIP-seq,ChIP-seq:C11orf30,1,1
ChIP-seq,ChIP-seq:CBFA2T2,1,1
ChIP-seq,ChIP-seq:CBFA2T3,1,1
ChIP-seq,ChIP-seq:CBFB,1,1
ChIP-seq,ChIP-seq:CBX1,1,1
ChIP-seq,ChIP-seq:CC2D1A,1,1
ChIP-seq,ChIP-seq:CDC5L,1,1
ChIP-seq,ChIP-seq:CEBPA,1,1
ChIP-seq,ChIP-seq:CHD7,1,1
ChIP-seq,ChIP-seq:CREB3,1,1
ChIP-seq,ChIP-seq:CREB3L1,1,1
ChIP-seq,ChIP-seq:CREBBP,1,1
ChIP-seq,ChIP-seq:CTBP2,1,1
ChIP-seq,ChIP-seq:DACH1,1,1
ChIP-seq,ChIP-seq:DEAF1,1,1
ChIP-seq,ChIP-seq:DEK,1,1
ChIP-seq,ChIP-seq:DMAP1,1,1
ChIP-seq,ChIP-seq:DNMT1,1,1
ChIP-seq,ChIP-seq:DNMT3B,1,1
ChIP-seq,ChIP-seq:DRAP1,1,1
ChIP-seq,ChIP-seq:E2F5,1,1
ChIP-seq,ChIP-seq:E2F6,1,1
ChIP-seq,ChIP-seq:E2F7,1,1
ChIP-seq,ChIP-seq:EED,1,1
ChIP-seq,ChIP-seq:EGR2,1,1
ChIP-seq,ChIP-seq:ELF3,1,1
ChIP-seq,ChIP-seq:EP400,1,1
ChIP-seq,ChIP-seq:ERF,1,1
ChIP-seq,ChIP-seq:ETS2,1,1
ChIP-seq,ChIP-seq:ETV1,1,1
ChIP-seq,ChIP-seq:ETV4,1,1
ChIP-seq,ChIP-seq:ETV5,1,1
ChIP-seq,ChIP-seq:FEZF1,1,1
ChIP-seq,ChIP-seq:FOXA3,1,1
ChIP-seq,ChIP-seq:FOXJ2,1,1
ChIP-seq,ChIP-seq:FOXP2,1,1
ChIP-seq,ChIP-seq:GATA4,1,1
ChIP-seq,ChIP-seq:GATAD1,1,1
ChIP-seq,ChIP-seq:GFI1B,1,1
ChIP-seq,ChIP-seq:GLI2,1,1
ChIP-seq,ChIP-seq:GLI4,1,1
ChIP-seq,ChIP-seq:GLIS1,1,1
ChIP-seq,ChIP-seq:GLIS2,1,1
ChIP-seq,ChIP-seq:GMEB1,1,1
ChIP-seq,ChIP-seq:GMEB2,1,1
ChIP-seq,ChIP-seq:GTF2A2,1,1
ChIP-seq,ChIP-seq:GTF2E2,1,1
ChIP-seq,ChIP-seq:H2AK9ac,1,1
ChIP-seq,ChIP-seq:H3T11ph,1,1
ChIP-seq,ChIP-seq:H4K12ac,1,1
ChIP-seq,ChIP-seq:HBP1,1,1
ChIP-seq,ChIP-seq:HDAC3,1,1
ChIP-seq,ChIP-seq:HHEX,1,1
ChIP-seq,ChIP-seq:HIC1,1,1
ChIP-seq,ChIP-seq:HINFP,1,1
ChIP-seq,ChIP-seq:HLF,1,1
ChIP-seq,ChIP-seq:HMBOX1,1,1
ChIP-seq,ChIP-seq:HMG20A,1,1
ChIP-seq,ChIP-seq:HMG20B,1,1
ChIP-seq,ChIP-seq:HNF1A,1,1
ChIP-seq,ChIP-seq:HOMEZ,1,1
ChIP-seq,ChIP-seq:ID3,1,1
ChIP-seq,ChIP-seq:IKZF3,1,1
ChIP-seq,ChIP-seq:IKZF5,1,1
ChIP-seq,ChIP-seq:ILK,1,1
ChIP-seq,ChIP-seq:INSM2,1,1
ChIP-seq,ChIP-seq:IRF4,1,1
ChIP-seq,ChIP-seq:IRF5,1,1
ChIP-seq,ChIP-seq:IRF9,1,1
ChIP-seq,ChIP-seq:KAT2A,1,1
ChIP-seq,ChIP-seq:KAT7,1,1
ChIP-seq,ChIP-seq:KDM3A,1,1
ChIP-seq,ChIP-seq:KDM4A,1,1
ChIP-seq,ChIP-seq:KDM5B,1,1
ChIP-seq,ChIP-seq:KDM6A,1,1
ChIP-seq,ChIP-seq:KLF10,1,1
ChIP-seq,ChIP-seq:KLF11,1,1
ChIP-seq,ChIP-seq:KLF13,1,1
ChIP-seq,ChIP-seq:KLF17,1,1
ChIP-seq,ChIP-seq:KLF4,1,1
ChIP-seq,ChIP-seq:KLF5,1,1
ChIP-seq,ChIP-seq:KLF6,1,1
ChIP-seq,ChIP-seq:KLF7,1,1
ChIP-seq,ChIP-seq:KLF8,1,1
ChIP-seq,ChIP-seq:KMT2B,1,1
ChIP-seq,ChIP-seq:LCORL,1,1
ChIP-seq,ChIP-seq:MAFG,1,1
ChIP-seq,ChIP-seq:MCM3,1,1
ChIP-seq,ChIP-seq:MEF2B,1,1
ChIP-seq,ChIP-seq:MEF2C,1,1
ChIP-seq,ChIP-seq:MEF2D,1,1
ChIP-seq,ChIP-seq:MEIS2,1,1
ChIP-seq,ChIP-seq:MGA,1,1
ChIP-seq,ChIP-seq:MIER1,1,1
ChIP-seq,ChIP-seq:MIER2,1,1
ChIP-seq,ChIP-seq:MIER3,1,1
ChIP-seq,ChIP-seq:MIXL1,1,1
ChIP-seq,ChIP-seq:MLX,1,1
ChIP-seq,ChIP-seq:MXD3,1,1
ChIP-seq,ChIP-seq:MYB,1,1
ChIP-seq,ChIP-seq:MYBL2,1,1
ChIP-seq,ChIP-seq:MYRF,1,1
ChIP-seq,ChIP-seq:MZF1,1,1
ChIP-seq,ChIP-seq:NCOA4,1,1
ChIP-seq,ChIP-seq:NCOA6,1,1
ChIP-seq,ChIP-seq:NFATC1,1,1
ChIP-seq,ChIP-seq:NFE2L1,1,1
ChIP-seq,ChIP-seq:NFIA,1,1
ChIP-seq,ChIP-seq:NFIL3,1,1
ChIP-seq,ChIP-seq:NFKBIZ,1,1
ChIP-seq,ChIP-seq:NFYA,1,1
ChIP-seq,ChIP-seq:NFYB,1,1
ChIP-seq,ChIP-seq:NFYC,1,1
ChIP-seq,ChIP-seq:NR0B1,1,1
ChIP-seq,ChIP-seq:OSR2,1,1
ChIP-seq,ChIP-seq:OVOL3,1,1
ChIP-seq,ChIP-seq:PAF1,1,1
ChIP-seq,ChIP-seq:PATZ1,1,1
ChIP-seq,ChIP-seq:PBX3,1,1
ChIP-seq,ChIP-seq:PHF20,1,1
ChIP-seq,ChIP-seq:PHF21A,1,1
ChIP-seq,ChIP-seq:PLRG1,1,1
ChIP-seq,ChIP-seq:PML,1,1
ChIP-seq,ChIP-seq:POLR2B,1,1
ChIP-seq,ChIP-seq:POLR2H,1,1
ChIP-seq,ChIP-seq:POU2F2,1,1
ChIP-seq,ChIP-seq:PPARG,1,1
ChIP-seq,ChIP-seq:PRDM1,1,1
ChIP-seq,ChIP-seq:PRDM2,1,1
ChIP-seq,ChIP-seq:PRDM4,1,1
ChIP-seq,ChIP-seq:PRDM6,1,1
ChIP-seq,ChIP-seq:PTTG1,1,1
ChIP-seq,ChIP-seq:RARA,1,1
ChIP-seq,ChIP-seq:RBAK,1,1
ChIP-seq,ChIP-seq:RBM17,1,1
ChIP-seq,ChIP-seq:RBPJ,1,1
ChIP-seq,ChIP-seq:RCOR2,1,1
ChIP-seq,ChIP-seq:RELA,1,1
ChIP-seq,ChIP-seq:RELB,1,1
ChIP-seq,ChIP-seq:RERE,1,1
ChIP-seq,ChIP-seq:RFX3,1,1
ChIP-seq,ChIP-seq:RFXANK,1,1
ChIP-seq,ChIP-seq:RLF,1,1
ChIP-seq,ChIP-seq:RUNX3,1,1
ChIP-seq,ChIP-seq:RXRB,1,1
ChIP-seq,ChIP-seq:SALL2,1,1
ChIP-seq,ChIP-seq:SAP130,1,1
ChIP-seq,ChIP-seq:SCRT1,1,1
ChIP-seq,ChIP-seq:SCRT2,1,1
ChIP-seq,ChIP-seq:SFPQ,1,1
ChIP-seq,ChIP-seq:SIX4,1,1
ChIP-seq,ChIP-seq:SKI,1,1
ChIP-seq,ChIP-seq:SMAD2,1,1
ChIP-seq,ChIP-seq:SMAD4,1,1
ChIP-seq,ChIP-seq:SMARCB1,1,1
ChIP-seq,ChIP-seq:SOX5,1,1
ChIP-seq,ChIP-seq:SP2,1,1
ChIP-seq,ChIP-seq:SP3,1,1
ChIP-seq,ChIP-seq:SP5,1,1
ChIP-seq,ChIP-seq:SP7,1,1
ChIP-seq,ChIP-seq:STAT2,1,1
ChIP-seq,ChIP-seq:TAF9B,1,1
ChIP-seq,ChIP-seq:TBX21,1,1
ChIP-seq,ChIP-seq:TEAD1,1,1
ChIP-seq,ChIP-seq:TEAD2,1,1
ChIP-seq,ChIP-seq:TEAD3,1,1
ChIP-seq,ChIP-seq:TEAD4,1,1
ChIP-seq,ChIP-seq:TFAP4,1,1
ChIP-seq,ChIP-seq:TFDP1,1,1
ChIP-seq,ChIP-seq:TFE3,1,1
ChIP-seq,ChIP-seq:TGIF2,1,1
ChIP-seq,ChIP-seq:THAP1,1,1
ChIP-seq,ChIP-seq:THAP11,1,1
ChIP-seq,ChIP-seq:THRA,1,1
ChIP-seq,ChIP-seq:THRAP3,1,1
ChIP-seq,ChIP-seq:THRB,1,1
ChIP-seq,ChIP-seq:TRIP13,1,1
ChIP-seq,ChIP-seq:TSC22D4,1,1
ChIP-seq,ChIP-seq:TSHZ1,1,1
ChIP-seq,ChIP-seq:VEZF1,1,1
ChIP-seq,ChIP-seq:WHSC1,1,1
ChIP-seq,ChIP-seq:WRNIP1,1,1
ChIP-seq,ChIP-seq:WT1,1,1
ChIP-seq,ChIP-seq:XRCC3,1,1
ChIP-seq,ChIP-seq:YY2,1,1
ChIP-seq,ChIP-seq:ZBED5,1,1
ChIP-seq,ChIP-seq:ZBTB10,1,1
ChIP-seq,ChIP-seq:ZBTB12,1,1
ChIP-seq,ChIP-seq:ZBTB17,1,1
ChIP-seq,ChIP-seq:ZBTB2,1,1
ChIP-seq,ChIP-seq:ZBTB20,1,1
ChIP-seq,ChIP-seq:ZBTB21,1,1
ChIP-seq,ChIP-seq:ZBTB25,1,1
ChIP-seq,ChIP-seq:ZBTB44,1,1
ChIP-seq,ChIP-seq:ZBTB48,1,1
ChIP-seq,ChIP-seq:ZBTB49,1,1
ChIP-seq,ChIP-seq:ZBTB6,1,1
ChIP-seq,ChIP-seq:ZBTB7B,1,1
ChIP-seq,ChIP-seq:ZFHX2,1,1
ChIP-seq,ChIP-seq:ZFP1,1,1
ChIP-seq,ChIP-seq:ZFP3,1,1
ChIP-seq,ChIP-seq:ZFP37,1,1
ChIP-seq,ChIP-seq:ZFP41,1,1
ChIP-seq,ChIP-seq:ZFP64,1,1
ChIP-seq,ChIP-seq:ZFP69B,1,1
ChIP-seq,ChIP-seq:ZFP91,1,1
ChIP-seq,ChIP-seq:ZGPAT,1,1
ChIP-seq,ChIP-seq:ZIC2,1,1
ChIP-seq,ChIP-seq:ZMIZ1,1,1
ChIP-seq,ChIP-seq:ZNF10,1,1
ChIP-seq,ChIP-seq:ZNF112,1,1
ChIP-seq,ChIP-seq:ZNF114,1,1
ChIP-seq,ChIP-seq:ZNF121,1,1
ChIP-seq,ChIP-seq:ZNF132,1,1
ChIP-seq,ChIP-seq:ZNF133,1,1
ChIP-seq,ChIP-seq:ZNF138,1,1
ChIP-seq,ChIP-seq:ZNF140,1,1
ChIP-seq,ChIP-seq:ZNF155,1,1
ChIP-seq,ChIP-seq:ZNF157,1,1
ChIP-seq,ChIP-seq:ZNF16,1,1
ChIP-seq,ChIP-seq:ZNF169,1,1
ChIP-seq,ChIP-seq:ZNF174,1,1
ChIP-seq,ChIP-seq:ZNF18,1,1
ChIP-seq,ChIP-seq:ZNF189,1,1
ChIP-seq,ChIP-seq:ZNF19,1,1
ChIP-seq,ChIP-seq:ZNF197,1,1
ChIP-seq,ChIP-seq:ZNF2,1,1
ChIP-seq,ChIP-seq:ZNF202,1,1
ChIP-seq,ChIP-seq:ZNF205,1,1
ChIP-seq,ChIP-seq:ZNF211,1,1
ChIP-seq,ChIP-seq:ZNF214,1,1
ChIP-seq,ChIP-seq:ZNF221,1,1
ChIP-seq,ChIP-seq:ZNF223,1,1
ChIP-seq,ChIP-seq:ZNF23,1,1
ChIP-seq,ChIP-seq:ZNF239,1,1
ChIP-seq,ChIP-seq:ZNF248,1,1
ChIP-seq,ChIP-seq:ZNF26,1,1
ChIP-seq,ChIP-seq:ZNF263,1,1
ChIP-seq,ChIP-seq:ZNF266,1,1
ChIP-seq,ChIP-seq:ZNF280A,1,1
ChIP-seq,ChIP-seq:ZNF280C,1,1
ChIP-seq,ChIP-seq:ZNF280D,1,1
ChIP-seq,ChIP-seq:ZNF292,1,1
ChIP-seq,ChIP-seq:ZNF302,1,1
ChIP-seq,ChIP-seq:ZNF311,1,1
ChIP-seq,ChIP-seq:ZNF324,1,1
ChIP-seq,ChIP-seq:ZNF335,1,1
ChIP-seq,ChIP-seq:ZNF34,1,1
ChIP-seq,ChIP-seq:ZNF341,1,1
ChIP-seq,ChIP-seq:ZNF350,1,1
ChIP-seq,ChIP-seq:ZNF354B,1,1
ChIP-seq,ChIP-seq:ZNF354C,1,1
ChIP-seq,ChIP-seq:ZNF362,1,1
ChIP-seq,ChIP-seq:ZNF366,1,1
ChIP-seq,ChIP-seq:ZNF37A,1,1
ChIP-seq,ChIP-seq:ZNF391,1,1
ChIP-seq,ChIP-seq:ZNF394,1,1
ChIP-seq,ChIP-seq:ZNF395,1,1
ChIP-seq,ChIP-seq:ZNF398,1,1
ChIP-seq,ChIP-seq:ZNF404,1,1
ChIP-seq,ChIP-seq:ZNF416,1,1
ChIP-seq,ChIP-seq:ZNF423,1,1
ChIP-seq,ChIP-seq:ZNF426,1,1
ChIP-seq,ChIP-seq:ZNF433,1,1
ChIP-seq,ChIP-seq:ZNF444,1,1
ChIP-seq,ChIP-seq:ZNF449,1,1
ChIP-seq,ChIP-seq:ZNF473,1,1
ChIP-seq,ChIP-seq:ZNF488,1,1
ChIP-seq,ChIP-seq:ZNF501,1,1
ChIP-seq,ChIP-seq:ZNF510,1,1
ChIP-seq,ChIP-seq:ZNF511,1,1
ChIP-seq,ChIP-seq:ZNF512,1,1
ChIP-seq,ChIP-seq:ZNF513,1,1
ChIP-seq,ChIP-seq:ZNF514,1,1
ChIP-seq,ChIP-seq:ZNF518A,1,1
ChIP-seq,ChIP-seq:ZNF521,1,1
ChIP-seq,ChIP-seq:ZNF529,1,1
ChIP-seq,ChIP-seq:ZNF530,1,1
ChIP-seq,ChIP-seq:ZNF544,1,1
ChIP-seq,ChIP-seq:ZNF547,1,1
ChIP-seq,ChIP-seq:ZNF548,1,1
ChIP-seq,ChIP-seq:ZNF549,1,1
ChIP-seq,ChIP-seq:ZNF555,1,1
ChIP-seq,ChIP-seq:ZNF558,1,1
ChIP-seq,ChIP-seq:ZNF560,1,1
ChIP-seq,ChIP-seq:ZNF561,1,1
ChIP-seq,ChIP-seq:ZNF571,1,1
ChIP-seq,ChIP-seq:ZNF574,1,1
ChIP-seq,ChIP-seq:ZNF584,1,1
ChIP-seq,ChIP-seq:ZNF585B,1,1
ChIP-seq,ChIP-seq:ZNF589,1,1
ChIP-seq,ChIP-seq:ZNF596,1,1
ChIP-seq,ChIP-seq:ZNF600,1,1
ChIP-seq,ChIP-seq:ZNF610,1,1
ChIP-seq,ChIP-seq:ZNF614,1,1
ChIP-seq,ChIP-seq:ZNF621,1,1
ChIP-seq,ChIP-seq:ZNF623,1,1
ChIP-seq,ChIP-seq:ZNF624,1,1
ChIP-seq,ChIP-seq:ZNF629,1,1
ChIP-seq,ChIP-seq:ZNF645,1,1
ChIP-seq,ChIP-seq:ZNF652,1,1
ChIP-seq,ChIP-seq:ZNF654,1,1
ChIP-seq,ChIP-seq:ZNF658,1,1
ChIP-seq,ChIP-seq:ZNF660,1,1
ChIP-seq,ChIP-seq:ZNF664,1,1
ChIP-seq,ChIP-seq:ZNF670,1,1
ChIP-seq,ChIP-seq:ZNF677,1,1
ChIP-seq,ChIP-seq:ZNF680,1,1
ChIP-seq,ChIP-seq:ZNF692,1,1
ChIP-seq,ChIP-seq:ZNF7,1,1
ChIP-seq,ChIP-seq:ZNF701,1,1
ChIP-seq,ChIP-seq:ZNF704,1,1
ChIP-seq,ChIP-seq:ZNF707,1,1
ChIP-seq,ChIP-seq:ZNF747,1,1
ChIP-seq,ChIP-seq:ZNF76,1,1
ChIP-seq,ChIP-seq:ZNF766,1,1
ChIP-seq,ChIP-seq:ZNF770,1,1
ChIP-seq,ChIP-seq:ZNF776,1,1
ChIP-seq,ChIP-seq:ZNF777,1,1
ChIP-seq,ChIP-seq:ZNF785,1,1
ChIP-seq,ChIP-seq:ZNF791,1,1
ChIP-seq,ChIP-seq:ZNF8,1,1
ChIP-seq,ChIP-seq:ZNF83,1,1
ChIP-seq,ChIP-seq:ZNF837,1,1
ChIP-seq,ChIP-seq:ZNF843,1,1
ChIP-seq,ChIP-seq:ZSCAN16,1,1
ChIP-seq,ChIP-seq:ZSCAN18,1,1
ChIP-seq,ChIP-seq:ZSCAN21,1,1
ChIP-seq,ChIP-seq:ZSCAN23,1,1
ChIP-seq,ChIP-seq:ZSCAN26,1,1
ChIP-seq,ChIP-seq:ZSCAN30,1,1
ChIP-seq,ChIP-seq:ZSCAN4,1,1
ChIP-seq,ChIP-seq:ZSCAN5A,1,1
ChIP-seq,ChIP-seq:ZSCAN5C,1,1
ChIP-seq,ChIP-seq:ZSCAN9,1,1
ChIP-seq,ChIP-seq:ZXDB,1,1
DNase-seq,DNase-seq,573,221
RNA-seq,RNA-seq,929,199
polyA plus RNA-seq,polyA plus RNA-seq,558,119
