modality_pair,tissue,within_mean,between_mean,delta,n_within,n_between,within_var,between_var
Accessibility | CAGE,hepatocyte,0.1004871353507042,0.09408394772381069,0.0064031876268935,6,5426,0.00044224840407290113,0.0006480163890233079
Accessibility | CAGE,mammary epithelial cell,0.11403023451566696,0.09765988537598347,0.016370349139683493,2,2882,1.1183577663997912e-05,0.0003152593462105828
Accessibility | CAGE,osteoblast,0.09363109990954399,0.09426170773157885,-0.0006306078220348621,2,2882,2.536069730087187e-05,0.00034646692021635464
Accessibility | HistoneChIP,a549,0.1086802480993076,0.06632984068619834,0.04235040741310926,13,12398,0.013233369556339542,0.0030346688290535584
Accessibility | HistoneChIP,a673,0.10678187105804682,0.052795623716500054,0.053986247341546764,6,6777,0.023761946525182952,0.004288595679584023
Accessibility | HistoneChIP,adipocyte,0.05531572147932214,0.051137170311524635,0.004178551167797508,12,8724,0.008464359356537098,0.0035077430628795746
Accessibility | HistoneChIP,adrenal gland,0.05002774044912151,0.05345674842639794,-0.003429007977276431,308,43473,0.005592907989626122,0.002700426493807032
Accessibility | HistoneChIP,ag04449,0.07017697393894196,0.06891035889458963,0.001266615044352326,1,2762,0.0,0.0026691538236030925
Accessibility | HistoneChIP,ag04450,0.040163152385503054,0.05024490260061746,-0.010081750215114406,4,5171,0.004487406182916911,0.002310718847860163
Accessibility | HistoneChIP,ag09309,0.10204175114631653,0.06642476296816144,0.03561698817815509,1,2762,0.0,0.0027615895824992243
Accessibility | HistoneChIP,ag09319,0.12436860799789429,0.07237650934976134,0.05199209864813295,1,2762,0.0,0.0032946247007740502
Accessibility | HistoneChIP,ag10803,0.08095888793468475,0.06162338922754479,0.019335498707139964,1,2762,0.0,0.0025885222473268073
Accessibility | HistoneChIP,ascending aorta,0.07743241817859764,0.06906144399185234,0.008370974186745303,11,10792,0.006182468534870626,0.00277759557029096
Accessibility | HistoneChIP,b cell,0.08637851763041764,0.05833344876319794,0.028045068867219698,63,22656,0.01761881834674125,0.0031819082649738157
Accessibility | HistoneChIP,be2c,0.16350381076335907,0.062215006281041846,0.10128880448231722,1,2762,0.0,0.0021579679922038232
Accessibility | HistoneChIP,bipolar neuron,0.0644452317367093,0.04091981476481829,0.023525416971891006,13,12398,0.015605763737276325,0.002295382676619688
Accessibility | HistoneChIP,bj,0.022659309829274814,0.054879665501578107,-0.03222035567230329,3,4368,0.0029863209207243086,0.0025720215553930344
Accessibility | HistoneChIP,body of pancreas,0.10799636813317193,0.06334961225832907,0.04464675587484286,64,20588,0.018766703689751987,0.003204901193132788
Accessibility | HistoneChIP,brain,0.022838104923248937,0.03832722365116971,-0.015489118727920772,154,35973,0.00390352511415758,0.0020672347333270565
Accessibility | HistoneChIP,breast epithelium,0.0945584064659973,0.06876545457080782,0.025792951895189473,6,6777,0.00516917279852425,0.003263351509222269
Accessibility | HistoneChIP,cardiac muscle cell,0.019011441618204117,0.04886879919986278,-0.02985735758165866,9,9186,0.008088786208398127,0.0026107982640796853
Accessibility | HistoneChIP,cardiac myoblast,-0.015404269099235535,0.03499639798340351,-0.050400667082639045,3,4368,0.00497365517743964,0.0021952173476519872
Accessibility | HistoneChIP,caudate nucleus,0.03903248245254732,0.05363957352040711,-0.01460709106785979,13,12398,0.0025355639642693287,0.0026989489217014787
Accessibility | HistoneChIP,cd14-positive monocyte,0.005326799211530562,0.0404773043001755,-0.03515050508864494,85,23310,0.002394423382965922,0.0019580431825218917
Accessibility | HistoneChIP,"cd4-positive, alpha-beta t cell",0.053077707920844354,0.05146751987810033,0.001610188042744022,90,24105,0.011671145873390035,0.0035072435326096553
Accessibility | HistoneChIP,"cd4-positive, cd25-positive, alpha-beta regulatory t cell",0.06445922706043347,0.04426884344638225,0.02019038361405122,20,11928,0.01406318311847875,0.0032940173882467106
Accessibility | HistoneChIP,"cd8-positive, alpha-beta t cell",0.044427122828232024,0.049546037892498604,-0.00511891506426658,95,24900,0.008659486919914434,0.003061872175140047
Accessibility | HistoneChIP,cerebellum,0.0798199400305748,0.055925526635785976,0.023894413394788823,1,2762,0.0,0.0013897795543036822
Accessibility | HistoneChIP,chorion,0.05101555371657014,0.06383351213066907,-0.012817958414098926,10,9989,0.0014770169561398724,0.002102137022516587
Accessibility | HistoneChIP,"common myeloid progenitor, cd34-positive",0.011538440682308538,0.04001945799856961,-0.02848101731626107,319,44256,0.004267944093209717,0.0030299335260762944
Accessibility | HistoneChIP,coronary artery,0.17095042765140533,0.08831620610570047,0.08263422154570486,4,5520,0.0010417012624995836,0.003122009078081368
Accessibility | HistoneChIP,endodermal cell,0.013784587017393537,0.03584324149796093,-0.02205865448056739,7,7580,0.0020780977451972907,0.002148566751983715
Accessibility | HistoneChIP,endothelial cell of umbilical vein,0.05268208851868456,0.04832900203893806,0.0043530864797465055,11,10792,0.008207744860885617,0.0020321571299149483
Accessibility | HistoneChIP,esophagus muscularis mucosa,0.057758939918130636,0.07966440160786188,-0.021905461689731245,6,6777,0.0010455953005561918,0.0027707933626617267
Accessibility | HistoneChIP,esophagus squamous epithelium,0.09234621996680896,0.07370828605408242,0.018637933912726543,6,6777,0.0002343006991979684,0.003629242973230351
Accessibility | HistoneChIP,fibroblast of the aortic adventitia,0.1078953891992569,0.0644214974401705,0.04347389175908639,1,2762,0.0,0.002903334716590626
Accessibility | HistoneChIP,foreskin fibroblast,0.10804206653694182,0.08113196192189642,0.026910104615045394,38,19137,0.006228515441789709,0.0036930148140256183
Accessibility | HistoneChIP,foreskin keratinocyte,0.030593630523071624,0.05555422044160743,-0.024960589918535808,32,16734,0.00222257766706726,0.002286112417249107
Accessibility | HistoneChIP,foreskin melanocyte,0.07502033773583688,0.06877965887159573,0.00624067886424115,34,17535,0.005735248242545198,0.003177585333506084
Accessibility | HistoneChIP,gastrocnemius medialis,0.04210199816130895,0.05090891284416269,-0.008806914682853745,54,20259,0.013024558888778112,0.0032494513335831177
Accessibility | HistoneChIP,gm12864,0.0863431915640831,0.06262719764190328,0.023715993922179823,1,2762,0.0,0.002762636384330981
Accessibility | HistoneChIP,gm12878,0.05225669286357096,0.05338445542947097,-0.0011277625659000118,13,12398,0.002504821027565788,0.0014502865934527824
Accessibility | HistoneChIP,gm23248,0.004000131184091935,0.030050390011803443,-0.02605025882771151,13,12398,0.009286116665637363,0.0029530198341432582
Accessibility | HistoneChIP,h1,-0.006388522436983683,0.034695437942279944,-0.04108396037926363,105,33842,0.0010599013219570266,0.0013624777610484428
Accessibility | HistoneChIP,h7,0.033893858548253775,0.046478751076240346,-0.012584892527986571,2,3565,0.002421216349662322,0.002296885573593356
Accessibility | HistoneChIP,h9,-0.004642775976875176,0.03272985569774766,-0.03737263167462283,180,35544,0.00166149291067643,0.001320764354972925
Accessibility | HistoneChIP,heart,0.09430054952445928,0.051752936206251404,0.042547613318207875,126,40645,0.01329122189098325,0.003036286587356407
Accessibility | HistoneChIP,heart left ventricle,0.05436132079382703,0.0511305094279834,0.0032308113658436263,54,20259,0.00344181629399611,0.002925025226625323
Accessibility | HistoneChIP,heart right ventricle,0.04634351312944835,0.045109013701977674,0.001234499427470677,11,10792,0.003534365892016696,0.0036001462852489757
Accessibility | HistoneChIP,hela-s3,0.09934648807116207,0.058926476961717066,0.04042001110944501,42,17063,0.012098851940296411,0.002639395040814615
Accessibility | HistoneChIP,hepatocyte,0.039084835967514664,0.035191682559588815,0.0038931534079258492,36,15465,0.00348634637839762,0.0023151039453202142
Accessibility | HistoneChIP,hepg2,-0.002857326143632897,0.0422610580032688,-0.0451183841469017,22,12729,0.005680792745661318,0.0015365829843301173
Accessibility | HistoneChIP,imr-90,-0.008965483585629484,0.03816868672042504,-0.047134170306054525,29,25246,0.002499340388818507,0.0011085804642319637
Accessibility | HistoneChIP,ips df 19.11,0.016079381263504427,0.055163647843151274,-0.03908426657964685,6,6777,0.0014684320211727925,0.0015449365213359369
Accessibility | HistoneChIP,ips df 6.9,-0.017771552006403606,0.03829289512754512,-0.05606444713394873,6,6777,0.0012571749377940755,0.0018767250618354045
Accessibility | HistoneChIP,k562,0.05922580636706698,0.04974709485274419,0.009478711514322787,64,20588,0.004513786256547739,0.0017459247591233664
Accessibility | HistoneChIP,keratinocyte,0.03141737644494112,0.0609824267131115,-0.029565050268170377,7,7580,0.004388784317743369,0.0025115645675547545
Accessibility | HistoneChIP,kidney,0.07912402648606107,0.05522455964986381,0.02389946683619726,234,39489,0.006180734998116757,0.0032238749181532447
Accessibility | HistoneChIP,large intestine,0.023040289614939303,0.05772175414383553,-0.03468146452889623,84,32088,0.008123852858180479,0.003368661020681024
Accessibility | HistoneChIP,liver,0.05303576966010345,0.04494684569062367,0.008088923969479779,48,23142,0.003888361561629736,0.0029028611900271117
Accessibility | HistoneChIP,lncap clone fgc,0.17234845459461212,0.05645887903068732,0.1158895755639248,2,4719,0.00012649051974733538,0.002454281297562209
Accessibility | HistoneChIP,lung,0.026670066321020595,0.042170321941242914,-0.015500255620222319,312,44163,0.0029144637829176187,0.002471971531907718
Accessibility | HistoneChIP,mammary epithelial cell,0.01106505306875881,0.04271756586514352,-0.03165251279638471,17,15610,0.00650231432210238,0.0026981041184625334
Accessibility | HistoneChIP,mcf-7,0.09992250621629258,0.049557812370050455,0.05036469384624212,15,14004,0.005149822239424734,0.0032496882513519134
Accessibility | HistoneChIP,mesenchymal stem cell,0.026943480715007437,0.039940622575011527,-0.012997141860004089,33,28458,0.0017388786984138343,0.0015472130028560845
Accessibility | HistoneChIP,mesendoderm,-0.00011775048915296793,0.035485764687873164,-0.03560351517702613,19,17216,0.00383086054799392,0.0013775249229452322
Accessibility | HistoneChIP,mesodermal cell,0.03398581101958241,0.03677933733388785,-0.0027935263143054404,7,7580,0.0027116050429264738,0.0025400594304730894
Accessibility | HistoneChIP,mm.1s,0.10608671667675178,0.035106297247609004,0.07098041942914277,12,11595,0.038911891455360836,0.00246547485319433
Accessibility | HistoneChIP,muscle of leg,0.031097508289922887,0.0513607330543845,-0.020263224764461615,65,29362,0.004983251282480703,0.0032377937970737773
Accessibility | HistoneChIP,muscle of trunk,0.050198240490216345,0.04904586834012763,0.001152372150088718,18,10671,0.006401134839376411,0.003320304157881994
Accessibility | HistoneChIP,"naive thymus-derived cd4-positive, alpha-beta t cell",0.006293641077354551,0.03906420005327133,-0.03277055897591678,15,14004,0.001959729314198341,0.002349694014883623
Accessibility | HistoneChIP,natural killer cell,0.058379223156306476,0.05159339009105139,0.006785833065255084,18,10671,0.009289599755234584,0.0030240945054971196
Accessibility | HistoneChIP,neural progenitor cell,0.0063931427818412585,0.038646286799063845,-0.03225314401722259,12,11595,0.00914114582316204,0.0020469681289382383
Accessibility | HistoneChIP,neuronal stem cell,0.01581269409507513,0.043398438037222674,-0.027585743942147543,27,23640,0.008843403794923963,0.0018005110329844273
Accessibility | HistoneChIP,oci-ly7,0.04585264126459757,0.035966428557957626,0.009886212706639946,9,9186,0.013808291785376731,0.0023998807514760273
Accessibility | HistoneChIP,osteoblast,0.05429588288534433,0.04697569508703715,0.007320187798307176,10,9989,0.003709094024589695,0.002591102835483954
Accessibility | HistoneChIP,pancreas,0.02922961028586239,0.04958538453682246,-0.02035577425096007,24,13530,0.00329983152088284,0.0022802076811319393
Accessibility | HistoneChIP,pc-9,0.016701039285040818,0.042456662671128055,-0.025755623386087237,13,12398,0.011353921804335127,0.0022095933160046323
Accessibility | HistoneChIP,peyer's patch,0.0796283115632832,0.057829709811566064,0.02179860175171714,24,12618,0.005134660149183248,0.0026129791086055443
Accessibility | HistoneChIP,placenta,0.0642109448811324,0.05544206709178605,0.008768877789346347,180,33720,0.004796428708556915,0.002284143007156373
Accessibility | HistoneChIP,prostate gland,0.03880996257066727,0.0680234947279861,-0.02921353215731884,1,2762,0.0,0.002589103246217225
Accessibility | HistoneChIP,psoas muscle,0.021511467279527675,0.03759589587527979,-0.016084428595752116,22,12729,0.0032459749536973147,0.002314909017873919
Accessibility | HistoneChIP,right atrium auricular region,0.04657022238243371,0.06780716785446426,-0.021236945472030554,10,7923,0.0022423259986985664,0.002043976649542004
Accessibility | HistoneChIP,right lobe of liver,0.10068330811336637,0.07628230688952793,0.02440100122383844,5,5974,0.011023585170925524,0.0023192348815883205
Accessibility | HistoneChIP,sigmoid colon,0.07368307189608458,0.06197659286630456,0.011706479029780024,32,16734,0.0038983243857142105,0.0024733169577746544
Accessibility | HistoneChIP,small intestine,0.034337720103458355,0.05445556037627931,-0.020117840272820958,228,38347,0.004840219021140826,0.003024356955759416
Accessibility | HistoneChIP,spinal cord,0.07260741205472085,0.05714372664032495,0.015463685414395897,36,16512,0.009537572459240104,0.0032226902795618687
Accessibility | HistoneChIP,spleen,0.05615194350799644,0.06372252369560502,-0.007570580187608582,38,19137,0.003197306232918517,0.004039020335309679
Accessibility | HistoneChIP,stomach,0.08891351291974349,0.06681974768906877,0.022093765230674717,460,56775,0.00775295599751325,0.0037542113887797223
Accessibility | HistoneChIP,t-cell,0.03717007576051401,0.04339520089295699,-0.006225125132442978,35,15360,0.0058676830673713735,0.002607868897808635
Accessibility | HistoneChIP,t-helper 17 cell,0.03089947851341484,0.04923532739868932,-0.01833584888527448,7,7580,0.0009382041857483258,0.002625419140482464
Accessibility | HistoneChIP,testis,0.03720587476467093,0.05557021321334254,-0.018364338448671608,3,6676,0.001830146640331615,0.002555625595974758
Accessibility | HistoneChIP,thymus,0.11790666010886154,0.06445609614526451,0.05345056396359703,108,27075,0.017297422237235828,0.0032330373283425756
Accessibility | HistoneChIP,thyroid gland,0.06062931758222274,0.05053821730206144,0.010091100280161296,72,22182,0.015308922451229607,0.0030363056213336135
Accessibility | HistoneChIP,tibial artery,0.05279421608429402,0.057377789975277003,-0.004583573890982982,8,7122,0.002235742092780849,0.0017591616724448762
Accessibility | HistoneChIP,tibial nerve,0.038781909621320665,0.05815536282987038,-0.019373453208549718,12,8724,0.003052646060490722,0.0024235242029772685
Accessibility | HistoneChIP,transverse colon,0.07440732104896597,0.06667662026059229,0.007730700788373679,44,16603,0.0073760553456826946,0.003204760294507318
Accessibility | HistoneChIP,trophoblast cell,0.014998148872594659,0.04088709034990277,-0.02588894147730811,120,28875,0.001766374961659603,0.0010236599574677539
Accessibility | HistoneChIP,upper lobe of left lung,0.06751807530721028,0.06430286923480476,0.0032152060724055243,12,9073,0.0019281238086187175,0.0019344357895405137
Accessibility | HistoneChIP,urinary bladder,0.0713446638546884,0.06275430846859986,0.008590355386088544,4,5171,0.0020093989328921367,0.002090875763887598
Accessibility | HistoneChIP,uterus,0.35376104712486267,0.09224607412165663,0.26151497300320603,1,2762,0.0,0.004061322438328945
Accessibility | HistoneChIP,vagina,0.10236634127795696,0.08502920075071616,0.017337140527240807,6,6321,0.0022003467990000143,0.0029737104949154637
Accessibility | RNA,a172,0.0637894831597805,0.04382119125630917,0.01996829190347133,2,3095,7.792543475507174e-06,0.00029792298794086925
Accessibility | RNA,a549,0.05712678283452988,0.03914254462702174,0.017984238207508135,8,7913,5.1274338476448716e-05,0.0003053155826267344
Accessibility | RNA,a673,0.08373770490288734,0.04312932528136291,0.040608379621524436,2,3095,4.263581464049315e-05,0.00027057592468274824
Accessibility | RNA,adrenal gland,0.047256277113884804,0.040123885112052005,0.007132392001832799,264,35171,0.0005429738853005763,0.00036787348437785543
Accessibility | RNA,ag04450,0.023892474360764027,0.023846938261316158,4.553609944786888e-05,2,3095,2.968497409884009e-06,0.00019045046182678742
Accessibility | RNA,ascending aorta,0.040986787527799606,0.03352595959005658,0.007460827937743025,2,3095,5.7859335527835065e-05,0.00027385821427824085
Accessibility | RNA,b cell,0.06781659337381522,0.035446961405940586,0.03236963196787464,6,6065,2.3726685807571278e-05,0.0002939470837211543
Accessibility | RNA,be2c,0.06241955608129501,0.042937593335763434,0.01948196274553158,1,2292,0.0,0.000478727466550327
Accessibility | RNA,bipolar neuron,0.052660432954629265,0.03874840400430959,0.013912028950319677,3,3898,1.831306312742413e-05,0.0005450143573284495
Accessibility | RNA,bj,0.027038654312491417,0.029370463661434944,-0.0023318093489435275,2,3095,3.2010804358467704e-06,0.00020747868914147976
Accessibility | RNA,body of pancreas,0.06898450688458979,0.04216469578335467,0.026819811101235123,16,9144,0.00021301400297478804,0.0006541560856917737
Accessibility | RNA,brain,0.021756947290019264,0.023710314341496105,-0.001953367051476841,70,24731,0.0001805649105547718,0.00027355207794993995
Accessibility | RNA,breast epithelium,0.04320859412352244,0.039262744498050554,0.003945849625471884,6,6307,5.055998703591084e-05,0.0002798844142706824
Accessibility | RNA,cardiac muscle cell,0.06201347584525744,0.04584783612633719,0.016165639718920252,3,3898,0.00019892110773138275,0.0005663267966615213
Accessibility | RNA,cd14-positive monocyte,0.013555683849699563,0.024580831248779196,-0.011025147399079633,40,13805,6.118227952547583e-05,0.00022140656407809288
Accessibility | RNA,"cd4-positive, alpha-beta t cell",0.05178163759410381,0.03356399831279785,0.018217639281305965,30,12215,0.0005672212269028408,0.00044387107486887865
Accessibility | RNA,"cd4-positive, cd25-positive, alpha-beta regulatory t cell",0.05398658321549495,0.03755572950738353,0.016430853708111426,12,7784,3.122008705082205e-05,0.00023636383180028388
Accessibility | RNA,"cd8-positive, alpha-beta t cell",0.0560528306911389,0.035150718294096404,0.020902112397042497,30,12215,0.0005160155859257583,0.0004760288137594976
Accessibility | RNA,cerebellum,0.035715711303055286,0.03143056177508209,0.004285149527973195,4,4701,0.0001504491289846142,0.00024074429733038816
Accessibility | RNA,chorion,0.0124719090963481,0.029147685896790183,-0.016675776800442084,8,7913,9.190866239709017e-05,0.0002245719309822827
Accessibility | RNA,"common myeloid progenitor, cd34-positive",0.047314061698588455,0.019615820770636304,0.02769824092795215,11,17162,7.124327289784963e-05,0.0002961314977763639
Accessibility | RNA,daoy,0.04844197817146778,0.035334565303814194,0.013107412867653587,2,3095,1.6545386798162698e-06,0.00028323810576895837
Accessibility | RNA,endodermal cell,0.03322696452960372,0.03886981742374971,-0.00564285289414599,8,7913,3.3969700406924095e-05,0.00026112069035767044
Accessibility | RNA,endothelial cell of umbilical vein,0.017471339130266147,0.024539928666876223,-0.007068589536610076,11,10322,0.000332527456304009,0.00039221363764821427
Accessibility | RNA,esophagus muscularis mucosa,0.04709562426432967,0.03461298692258807,0.012482637341741605,8,7913,7.204263382782836e-05,0.00020403769873907833
Accessibility | RNA,esophagus squamous epithelium,0.06323044700548053,0.041235224380628946,0.021995222624851582,8,7913,8.515713682315067e-05,0.0002566558101278504
Accessibility | RNA,fibroblast of skin of abdomen,0.030675852671265602,0.024999687495982685,0.005676165175282917,4,4580,4.1363037111658355e-05,0.00027806258131649975
Accessibility | RNA,fibroblast of skin of back,0.025313956663012505,0.029127769876692387,-0.003813813213679882,2,3095,2.7382028538469605e-06,0.0003155137800579282
Accessibility | RNA,fibroblast of skin of scalp,0.027025238145142794,0.02630751496594613,0.0007177231791966644,4,4580,8.474679721057502e-06,0.0003124096141095047
Accessibility | RNA,fibroblast of the aortic adventitia,0.01019735960289836,0.021968639286583776,-0.011771279683685416,2,3095,3.0297501787111304e-07,0.00018665856900246502
Accessibility | RNA,forelimb muscle,0.04647434875369072,0.0350081525245576,0.01146619622913312,1,2292,0.0,0.0004372598279358381
Accessibility | RNA,foreskin fibroblast,0.008642343454994261,0.019708899467478468,-0.011066556012484206,8,6182,0.0005939902509495016,0.000577877321988021
Accessibility | RNA,foreskin keratinocyte,0.035626007011160254,0.03198973404974718,0.003636272961413077,8,6182,2.738354840977437e-05,0.00023944020690175164
Accessibility | RNA,foreskin melanocyte,0.03860917687416077,0.030543716067643643,0.008065460806517124,8,6182,4.761104677759517e-05,0.00023638929090665807
Accessibility | RNA,frontal cortex,-0.01227684912737459,0.018026668787487876,-0.030303517914862466,4,4580,4.262005861281696e-05,0.00032523777490067545
Accessibility | RNA,g401,0.09514698013663292,0.054307971673817595,0.040839008462815324,2,3095,2.804386068534781e-05,0.00033203353553579954
Accessibility | RNA,gastrocnemius medialis,0.07528753578662872,0.03916159896276158,0.036125936823867145,24,10859,0.00019929837877065513,0.00030041319935745266
Accessibility | RNA,gm12878,0.01163416817975563,0.025953496301976246,-0.014319328122220615,28,23973,0.00018005268455975493,0.0003954260604740607
Accessibility | RNA,gm12891,0.045492321252822876,0.033770664279799814,0.011721656973023062,1,2292,0.0,0.0007283896803339722
Accessibility | RNA,gm12892,0.037648219615221024,0.03237414572063887,0.0052740738945821555,1,2292,0.0,0.0006209791689688875
Accessibility | RNA,gm23248,0.040254104882478714,0.032405196264144384,0.00784890861833433,3,3898,4.873924617394376e-05,0.000302736388264852
Accessibility | RNA,h1,0.009099838711942235,0.01976917017711091,-0.010669331465168673,66,22045,0.0002570168718851085,0.0003241715668788693
Accessibility | RNA,h4,0.04356386698782444,0.03483606879706122,0.00872779819076322,2,3095,9.648924794190133e-06,0.00022653443548376257
Accessibility | RNA,h7,0.010194760514423251,0.03023140189008732,-0.02003664137566407,2,3095,6.78247268366645e-06,0.0004495597944282596
Accessibility | RNA,h9,0.027786884689703584,0.029491984766676627,-0.0017051000769730436,12,10520,5.016217926345941e-05,0.00027216192208301935
Accessibility | RNA,heart,0.0361643891580267,0.03217968058567698,0.00398470857234972,144,32954,0.000523933352223034,0.0003840585326692046
Accessibility | RNA,heart left ventricle,0.03739686101852428,0.030210745822073407,0.007186115196450876,42,15653,0.00010250190960282824,0.0002648330410513223
Accessibility | RNA,heart right ventricle,0.03012852054089308,0.03042925529767236,-0.000300734756779282,10,9519,0.00015184683434663114,0.00028851043929125936
Accessibility | RNA,hela-s3,0.039028168545060214,0.03464485841761776,0.004383310127442454,21,10060,0.00043770065564039556,0.0004974645613265798
Accessibility | RNA,hematopoietic multipotent progenitor cell,0.05417811740189791,0.044316584873682,0.009861532528215908,20,16460,0.00017459232611314636,0.00042881472552799664
Accessibility | RNA,hepatocyte,0.06984643596741888,0.04612380941033372,0.02372262655708516,9,6864,0.0007571396862015101,0.0005281767182001517
Accessibility | RNA,hepg2,0.004010048142689474,0.01878419791998868,-0.014774149777299208,62,27809,0.00016744147640114097,0.000285349005040991
Accessibility | RNA,hindlimb muscle,0.07805263251066208,0.04193000452759836,0.03612262798306372,1,2292,0.0,0.0005604491316856357
Accessibility | RNA,ht-29,0.06723392009735107,0.04384699828301365,0.023386921814337422,2,3095,1.0641215750784028e-06,0.00032299823288014693
Accessibility | RNA,imr-90,0.016645065353562433,0.021415577442571387,-0.004770512089008954,12,11125,0.00032356263130990345,0.00043641641688132787
Accessibility | RNA,ishikawa,0.06606828421354294,0.05280327276608657,0.01326501144745637,3,3898,4.477560391720134e-07,0.0005944175323639987
Accessibility | RNA,k562,0.04005927304844886,0.03483535321926549,0.005223919829183375,344,74498,0.0005002421656190685,0.0004594958275506301
Accessibility | RNA,keratinocyte,0.00638879110504474,0.022437419649673065,-0.016048628544628324,7,7110,0.00041785903990476035,0.0004747765839758088
Accessibility | RNA,kidney,0.03787327170700903,0.030401131371597327,0.0074721403354117005,143,27926,0.0003103561669678041,0.00045542544762485263
Accessibility | RNA,large intestine,0.06626301960145332,0.040442076142041324,0.025820943459412,98,26285,0.00022669899011675768,0.00043607874077695227
Accessibility | RNA,left cardiac atrium,0.04066141601651907,0.038926077782714195,0.0017353382338048742,4,4701,4.084043477141624e-05,0.00031605104356767066
Accessibility | RNA,left kidney,0.044652374668253794,0.02554660943091549,0.019105765237338306,9,14188,0.00011446775209799894,0.000322792047614622
Accessibility | RNA,left lung,0.041087818797677755,0.03162957988017244,0.009458238917505316,110,24209,0.0002455885721302346,0.0003528842254365669
Accessibility | RNA,left renal cortex interstitium,0.04697428713552654,0.03122577264252182,0.01574851449300472,16,9144,3.7858829510252576e-05,0.0003535493061699851
Accessibility | RNA,left renal pelvis,0.04811391863040626,0.03199597597690504,0.01611794265350122,16,9144,9.696684886599657e-05,0.00033427054537436937
Accessibility | RNA,liver,0.051822474148745336,0.035178620932426304,0.016643853216319032,24,12590,0.00033044963836063694,0.0004801636589055083
Accessibility | RNA,lower leg skin,0.0528472657315433,0.03600258481324148,0.016844680918301824,8,7913,2.200584454019848e-05,0.0002203138554556271
Accessibility | RNA,lung,0.029361898331719,0.029920610977967044,-0.0005587126462480441,169,29484,0.00032981709965284787,0.00040552706041106193
Accessibility | RNA,mammary epithelial cell,0.052089722361415625,0.034726226020203886,0.01736349634121174,8,7913,3.7126172528031964e-05,0.00025391266763199376
Accessibility | RNA,mcf 10a,0.04363275940219561,0.03143763096087216,0.01219512844132345,6,6065,6.526485772688799e-05,0.0002941906130504049
Accessibility | RNA,mcf-7,0.09318407624959946,0.04569330099024772,0.047490775259351733,9,8716,0.000152358354273038,0.00037607497339941067
Accessibility | RNA,mesenchymal stem cell,0.03739590849727392,0.026625535470906892,0.01077037302636703,4,4701,1.4054964792997553e-05,0.0002510689970324178
Accessibility | RNA,mesendoderm,0.021141487639397383,0.026513160159973688,-0.005371672520576305,4,4701,6.692422014796138e-06,0.000195156226321522
Accessibility | RNA,mesodermal cell,0.02241025399416685,0.030424182087376305,-0.008013928093209454,4,4701,1.1862095247319217e-05,0.00021137327437756293
Accessibility | RNA,muscle of arm,0.06088547795661725,0.03714329184430265,0.0237421861123146,192,33100,0.00012813246185447262,0.0004281412665639063
Accessibility | RNA,muscle of back,0.06186506201823552,0.03573718394738382,0.0261278780708517,150,30085,0.00011236840111123738,0.00043041491922521185
Accessibility | RNA,muscle of leg,0.06143351844870127,0.03696920608102982,0.02446431236767145,104,25589,0.00010357998581013612,0.000436720382752396
Accessibility | RNA,muscle of trunk,0.06621722442408402,0.03583539090244661,0.03038183352163741,6,6065,0.00022697927065261098,0.0006361873564753996
Accessibility | RNA,"naive thymus-derived cd4-positive, alpha-beta t cell",0.038929094560444355,0.028458368986064513,0.010470725574379842,10,9519,3.5650772699576984e-05,0.000238153562301783
Accessibility | RNA,nci-h460,0.09631382177273433,0.04410202949386463,0.0522117922788697,6,6307,0.000522272900897229,0.0003796293877871026
Accessibility | RNA,neural progenitor cell,0.027539330534636974,0.02462086424179563,0.002918466292841343,2,3095,5.01626208394227e-06,0.00027223954355091594
Accessibility | RNA,neuronal stem cell,0.012884405441582203,0.0251615323524241,-0.012277126910841898,4,4701,5.594781843988822e-05,0.00021550618215864035
Accessibility | RNA,occipital lobe,0.009828315232880414,0.019051988744657796,-0.009223673511777383,2,3095,6.408493919711902e-05,0.00021065417327847767
Accessibility | RNA,oci-ly7,0.06880540307611227,0.03670072631767747,0.0321046767584348,4,4701,0.00013324327537585483,0.0002400904206650953
Accessibility | RNA,omental fat pad,0.05404108972288668,0.041016830999396243,0.013024258723490438,16,9386,0.00010039014621029095,0.00029149849193011454
Accessibility | RNA,osteoblast,0.017873328644782305,0.026233323002251674,-0.00835999435746937,2,3095,6.63752609555738e-05,0.0001986507816885383
Accessibility | RNA,ovary,0.05846105902164709,0.040478034555711286,0.017983024465935804,80,21896,0.0007979599014959144,0.0005612608803750032
Accessibility | RNA,pancreas,0.03193788448544709,0.029086984703049674,0.002850899782397418,38,18197,0.00012947641351061258,0.00033709808056591503
Accessibility | RNA,pc-9,0.04807829670608044,0.0407859444037371,0.00729235230234334,2,3095,1.0208482483928943e-05,0.00030638484239164975
Accessibility | RNA,peyer's patch,0.0400968631147407,0.027177760057218798,0.012919103057521902,32,12332,7.506676680832489e-05,0.00030964493668169865
Accessibility | RNA,placenta,0.04015608808364381,0.02670804974192446,0.013448038341719346,220,32160,0.00017945578967492682,0.00031026595781781074
Accessibility | RNA,prostate gland,0.09860129281878471,0.05780487622774932,0.040796416591035396,4,4701,0.00012132818203598739,0.00032289580833435314
Accessibility | RNA,psoas muscle,0.04539210838265717,0.03805091906193365,0.007341189320723522,20,10988,0.00040960278475983677,0.0003325508792080588
Accessibility | RNA,pulmonary artery endothelial cell,0.024527988396584988,0.029258227548459963,-0.004730239151874975,2,3095,2.2717485577695463e-05,0.0002228000929701639
Accessibility | RNA,renal cortex interstitium,0.04137086061139902,0.025161094752806434,0.016209765858592583,33,18728,0.0001043090802294313,0.00036100074703370865
Accessibility | RNA,renal pelvis,0.052270255982875824,0.030203405299733827,0.022066850683141997,30,17245,4.2482667631900655e-05,0.000387502677197113
Accessibility | RNA,right atrium auricular region,0.042395866475999355,0.035022920692792885,0.007372945783206471,8,6182,5.979691661019051e-05,0.00024018878870503586
Accessibility | RNA,right lobe of liver,0.037712321057915686,0.026167307266204903,0.011545013791710784,10,9519,1.3921618395416977e-05,0.00022901009580314144
Accessibility | RNA,right lung,0.047629970921711486,0.02950238122555976,0.018127589696151726,55,20294,0.0001117147159149603,0.0003637826222082669
Accessibility | RNA,right renal cortex interstitium,0.03921496495604515,0.0291544453729529,0.010060519583092252,9,6864,1.2504222513331532e-05,0.00025723778788609155
Accessibility | RNA,right renal pelvis,0.04724683193489909,0.032072909408727125,0.015173922526171967,16,9144,8.683777020324253e-05,0.0003344808212198938
Accessibility | RNA,sigmoid colon,0.0433637784444727,0.03633253538552609,0.007031243058946611,32,15794,0.00012284819325993892,0.0003323389099369439
Accessibility | RNA,sjcrh30,0.15673242509365082,0.06005462411852585,0.09667780097512496,2,3095,1.7184584264473557e-06,0.00033985980521780007
Accessibility | RNA,sjsa1,0.14623066037893295,0.06414771917522832,0.08208294120370463,2,3095,0.00030587949491739375,0.000566706529939202
Accessibility | RNA,sk-mel-5,0.08557764068245888,0.039878915846587024,0.045698724835871854,6,6307,0.0003515734050418594,0.0004162422792717438
Accessibility | RNA,sk-n-dz,0.09137667963902156,0.043782773758684966,0.047593905880336594,6,6307,0.00010230972862871127,0.0003462490981653854
Accessibility | RNA,skin of body,0.029573457315564156,0.030574684788073115,-0.0010012274725089594,2,3095,1.1104411802610736e-06,0.00023456515498918723
Accessibility | RNA,small intestine,0.05280403908017477,0.04038150480542075,0.012422534274754017,168,28802,0.0005064707532832931,0.00044541764159404095
Accessibility | RNA,spinal cord,0.03874559642281383,0.03260749366783848,0.0061381027549753525,24,12106,0.0001817715821910398,0.00030141247475242035
Accessibility | RNA,spleen,0.02880613601581868,0.03238778177414384,-0.0035816457583251575,58,26207,0.00022997952615661464,0.00031817707174864804
Accessibility | RNA,stomach,0.05944973125000475,0.04221051523117667,0.01723921601882808,520,49670,0.0014322776250089344,0.0006681929142056157
Accessibility | RNA,t-cell,0.025394659861922263,0.029227464081586014,-0.003832804219663751,30,12215,0.00011448395863872046,0.00028748133699254717
Accessibility | RNA,t47d,0.08288345485925674,0.05585810170726336,0.027025353151993385,4,4701,2.634901745762752e-06,0.000576782361459683
Accessibility | RNA,testis,0.07352084152045704,0.051299801191235055,0.022221040329221987,21,10060,0.00012089740172142611,0.0005378584250487197
Accessibility | RNA,thymus,0.07993027532384508,0.045347522740200465,0.03458275258364462,63,18910,0.00018672348074726813,0.00039209778678566233
Accessibility | RNA,thyroid gland,0.05956754251383245,0.03537087308400717,0.024196669429825277,40,13926,0.00026454098574480193,0.00030613121315223833
Accessibility | RNA,tibial nerve,0.0469590756110847,0.032338723337835475,0.014620352273249225,16,9386,0.0002257638989265733,0.00027557330300540775
Accessibility | RNA,tongue,0.027066456619650126,0.02833107737591506,-0.0012646207562649336,4,4580,7.29151366080569e-05,0.00030517616844945913
Accessibility | RNA,transverse colon,0.03677990596042946,0.034355997494368046,0.002423908466061414,32,12332,0.0001951552424258019,0.00038811294349624546
Accessibility | RNA,umbilical cord,0.04937531240284443,0.03395799422492334,0.015417318177921087,2,3095,0.00012316691122083237,0.0004848599894941778
Accessibility | RNA,upper lobe of left lung,0.042417552736070424,0.02992859017229258,0.012488962563777843,36,14055,0.00011607460326437972,0.0003717466782783515
Accessibility | RNA,urinary bladder,0.044297633692622185,0.03725664494528338,0.007040988747338807,4,4701,2.1125450399010065e-05,0.00033731687906268966
Accessibility | RNA,uterus,0.05791474599391222,0.03521420708351911,0.022700538910393107,8,7913,0.0003773244025774931,0.0005257144430637567
Accessibility | RNA,vagina,0.048632167279720306,0.042713371173890076,0.0059187961058302305,10,6983,4.254996446535764e-05,0.0003743010537151409
Accessibility | TFChIP,a549,0.22706395031751267,0.10141077763026231,0.12565317268725035,56,46801,0.018442533803424525,0.0026625927733077686
Accessibility | TFChIP,a673,0.09556912630796432,0.07480997144010088,0.02075915486786345,2,3439,0.0019999238499282534,0.001494145348804171
Accessibility | TFChIP,adrenal gland,0.14264168742705474,0.09947647946958156,0.04316520795747318,66,24861,0.0021152992965672995,0.0018137970155295037
Accessibility | TFChIP,ag04449,0.07859568297863007,0.08912198306328738,-0.010526300084657311,1,2636,0.0,0.0013987889526980296
Accessibility | TFChIP,ag04450,0.1162862479686737,0.0860629131421817,0.030223334826492004,1,2636,0.0,0.0014604227822198656
Accessibility | TFChIP,ag09309,0.1181873083114624,0.08829346247623938,0.029893845835223018,1,2636,0.0,0.0013749380177088743
Accessibility | TFChIP,ag09319,0.10646620392799377,0.08969511161039408,0.016771092317599698,1,2636,0.0,0.00132468849910947
Accessibility | TFChIP,ag10803,0.09891901910305023,0.08038277546728997,0.018536243635760258,1,2636,0.0,0.0012414313809019075
Accessibility | TFChIP,ascending aorta,0.09325442463159561,0.09130509565954895,0.0019493289720466656,1,2636,0.0,0.0015531505368034382
Accessibility | TFChIP,b cell,0.21474853654702505,0.09218440282243695,0.1225641337245881,3,6298,0.00032818860388688503,0.0023136784391678215
Accessibility | TFChIP,be2c,0.16426241397857666,0.07625185334980798,0.08801056062876868,1,2636,0.0,0.0016935478775831868
Accessibility | TFChIP,bipolar neuron,0.2876862858732541,0.07362186078616004,0.21406442508709408,6,6651,0.014170269290390489,0.001232862091345665
Accessibility | TFChIP,bj,0.06731756031513214,0.0791060714203928,-0.011788511105260663,1,2636,0.0,0.001226362360272723
Accessibility | TFChIP,body of pancreas,0.21492433485885462,0.11135563316083391,0.10356870169802071,36,14505,0.004639837671217346,0.002186047364926254
Accessibility | TFChIP,breast epithelium,0.24051538947969675,0.12683966334624747,0.11367572613344928,8,8257,0.009382829635579973,0.0024594734859027453
Accessibility | TFChIP,cardiac fibroblast,0.10610279068350792,0.0861778658911702,0.01992492479233772,2,4467,8.869420618076718e-06,0.001626138981256478
Accessibility | TFChIP,cardiac muscle cell,0.18361656367778778,0.09449344406803982,0.08912311960974796,2,3439,0.0034019473039572645,0.001899402584081276
Accessibility | TFChIP,cd14-positive monocyte,0.0953198328614235,0.07165580110611547,0.023664031755308026,5,9960,0.000539577281078554,0.00159907584945435
Accessibility | TFChIP,coronary artery,0.09007453173398972,0.10081383965991887,-0.010739307925929156,2,4467,0.0002252772648445589,0.0018766227102418077
Accessibility | TFChIP,d721med,0.1399039775133133,0.08590471095524418,0.05399926655806911,1,2636,0.0,0.0018696368371297284
Accessibility | TFChIP,endothelial cell of umbilical vein,0.34522339403629304,0.09186854345358815,0.2533548505827049,5,5848,0.01398265368940825,0.0035129134453903126
Accessibility | TFChIP,esophagus muscularis mucosa,0.1394162205979228,0.11171375951974279,0.027702461078180016,8,8257,0.004243403087134265,0.003026304037358653
Accessibility | TFChIP,esophagus squamous epithelium,0.12108912784606218,0.110004377069607,0.011084750776455182,8,8257,0.0010291806793021607,0.002138241809355401
Accessibility | TFChIP,fibroblast of the aortic adventitia,0.09003616124391556,0.08133563674266583,0.008700524501249723,1,2636,0.0,0.0013279852694210014
Accessibility | TFChIP,foreskin fibroblast,0.137211536988616,0.08931904376542064,0.047892493223195345,4,5268,0.0009079970189013568,0.001681369757645542
Accessibility | TFChIP,gastrocnemius medialis,0.19178627108534177,0.09809422802281578,0.09369204306252599,15,9494,0.008294049765222161,0.001962311195935623
Accessibility | TFChIP,gm10248,0.19286726415157318,0.09677240166078187,0.09609486249079131,1,2636,0.0,0.0026445152328334314
Accessibility | TFChIP,gm12864,0.10390654951334,0.08062716369660271,0.02327938581673729,1,2636,0.0,0.0024441970163713196
Accessibility | TFChIP,gm12878,0.16409238158054282,0.09416182355780549,0.06993055802273733,152,123889,0.010574241764837618,0.0022190489084240577
Accessibility | TFChIP,gm12891,0.14374467198337829,0.10618710876165842,0.03755756322171987,7,7454,0.00252782598077516,0.0023048752206901845
Accessibility | TFChIP,gm12892,0.1738077737390995,0.11597162383930334,0.05783614989979616,4,5045,0.00039980069022275966,0.002702490320669687
Accessibility | TFChIP,gm23248,0.04614301724359393,0.0545189976994409,-0.00837598045584697,2,3439,0.0020028717426061257,0.0013727758744589763
Accessibility | TFChIP,h1,0.16221080036533964,0.0873634215980782,0.07484737876726144,177,52640,0.0063199486882665225,0.0018998783165051396
Accessibility | TFChIP,h54,0.10521473735570908,0.06775307026061299,0.03746166709509609,1,2636,0.0,0.0009589287883545773
Accessibility | TFChIP,heart left ventricle,0.14947985981901488,0.10157630428629462,0.04790355553272026,12,8695,0.005820794290109458,0.002294573347750158
Accessibility | TFChIP,hek293t,0.10197379696182907,0.06465861534715876,0.037315181614670304,16,14681,0.0028892160389849993,0.0014821375144670572
Accessibility | TFChIP,hela-s3,0.251771014352676,0.09886514057680915,0.15290587377586687,51,19082,0.01825515518023972,0.002823171133016552
Accessibility | TFChIP,hepatocyte,0.08039200347330835,0.07970426768223257,0.0006877357910757831,9,7896,0.0008567412370996874,0.0028657635772651423
Accessibility | TFChIP,hepg2,0.2331719234342202,0.10571268075272995,0.12745924268149023,434,177483,0.024346570215940604,0.0028137644719170487
Accessibility | TFChIP,imr-90,0.2420223389680569,0.09313473541541968,0.1488876035526372,13,12272,0.009682182943550298,0.0020541950854675323
Accessibility | TFChIP,ishikawa,0.24674924995218003,0.09087513762596264,0.1558741123262174,7,7454,0.003106134536216193,0.002060591339079142
Accessibility | TFChIP,k562,0.12767820059812338,0.07696934689097648,0.050708853707146895,1644,334899,0.007104177891839224,0.0016729308136237096
Accessibility | TFChIP,keratinocyte,0.11415723711252213,0.08082425083781464,0.03333298627470749,1,2636,0.0,0.0018124938795299602
Accessibility | TFChIP,liver,0.10943987387958366,0.08703223576140645,0.02240763811817721,68,30900,0.0021824598871140414,0.0017617903532693765
Accessibility | TFChIP,lncap clone fgc,0.20885194092988968,0.07792734596268117,0.1309245949672085,2,4467,0.0008792370961421825,0.0016029575857354006
Accessibility | TFChIP,lower leg skin,0.13708233926445246,0.089884161965435,0.04719817729901746,8,8257,0.0016101585091296902,0.0016656049640727255
Accessibility | TFChIP,mammary epithelial cell,0.08166858367621899,0.08395752277486995,-0.002288939098650966,2,3439,0.0011850970215036873,0.0016214868816498591
Accessibility | TFChIP,mcf 10a,0.4578652789195379,0.09903921657372383,0.35882606234581405,30,13489,0.013225440303104408,0.0030671141265624195
Accessibility | TFChIP,mcf-7,0.2202404584558237,0.08442590432183952,0.1358145541339842,105,86148,0.005921304401632223,0.0017951655737837371
Accessibility | TFChIP,mm.1s,0.07360049864898126,0.05794759546238351,0.015652903186597747,3,4242,0.004747033773310318,0.0019138075489246705
Accessibility | TFChIP,neural progenitor cell,0.18151533852020899,0.0695196486728051,0.11199568984740388,3,4242,0.004693521510927924,0.001414576285350821
Accessibility | TFChIP,oci-ly7,0.07416681572794914,0.06990368498354227,0.004263130744406873,2,3439,0.0068461562644923785,0.002149117328175518
Accessibility | TFChIP,omental fat pad,0.11969954147934914,0.08741087757932421,0.032288663900024925,6,6069,0.0011822386562721447,0.0014111858877220995
Accessibility | TFChIP,ovary,0.16741420095786452,0.10533009036254344,0.06208411059532108,16,10520,0.00219211084747652,0.0021504474095037276
Accessibility | TFChIP,pc-9,0.05122517546017965,0.06027791321950116,-0.009052737759321514,3,4242,0.00175764259258805,0.0018494816777322306
Accessibility | TFChIP,peyer's patch,0.15245825479117533,0.089881054531587,0.06257720025958834,24,12114,0.010045171863206286,0.001790423865875813
Accessibility | TFChIP,prostate gland,0.230892363935709,0.13648469890019255,0.09440766503551645,6,6651,0.006944926179175186,0.0032562728918298055
Accessibility | TFChIP,right atrium auricular region,0.14035893976688385,0.08438752643102951,0.05597141333585434,2,4467,6.79856180241245e-08,0.001504787369218624
Accessibility | TFChIP,right lobe of liver,0.18513743579387665,0.0997792987428752,0.08535813705100145,2,3439,0.008543714519513523,0.002146748440453823
Accessibility | TFChIP,sigmoid colon,0.1273385324825843,0.09489171163258416,0.032446820850000155,30,15681,0.0025291278090537224,0.0027238385352101446
Accessibility | TFChIP,spleen,0.10785421472974122,0.10236534258040719,0.005488872149334023,24,13278,0.0026660001410609684,0.0021524157159346444
Accessibility | TFChIP,stomach,0.15103757062994796,0.1122507526126257,0.03878681801732227,240,45840,0.011107194634586471,0.0030183610199263095
Accessibility | TFChIP,t47d,0.204643614590168,0.06370106822596014,0.14094254636420786,6,6651,0.0046059852326311365,0.001838473351541344
Accessibility | TFChIP,testis,0.13752637969122994,0.0933549368283252,0.04417144286290474,9,7896,0.001659218549987275,0.0018082447296111429
Accessibility | TFChIP,thyroid gland,0.17653837259858846,0.0958754340033009,0.08066293859528756,20,11317,0.006549866610074343,0.0017963090447856832
Accessibility | TFChIP,tibial artery,0.139104463160038,0.09955676000075653,0.039547703159281467,2,4467,0.0013495504162191474,0.002017089445837939
Accessibility | TFChIP,tibial nerve,0.1561513575060027,0.12043705844688145,0.035714299059121254,14,9273,0.0014808482857466485,0.0024578193552396675
Accessibility | TFChIP,transverse colon,0.1914113899692893,0.10282040649420413,0.08859098347508518,48,16896,0.007184271741793931,0.002241501742962334
Accessibility | TFChIP,upper lobe of left lung,0.1113453496447099,0.0888276939435625,0.0225176557011474,42,16685,0.004820461424650275,0.002429281611895087
Accessibility | TFChIP,uterus,0.25725919008255005,0.1278157925514303,0.12944339753111975,4,5045,3.4821732327827704e-05,0.0021502213423726553
Accessibility | TFChIP,vagina,0.12164993894596894,0.10720867387260558,0.014441265073363366,12,8472,0.0005497515793533546,0.0024809650718920287
CAGE | HistoneChIP,bronchial epithelial cell,0.05959741041685144,0.049163492404332286,0.010433918012519153,6,7734,0.001647299379723134,0.0012781785381124323
CAGE | HistoneChIP,hepatocyte,0.020192182952693354,0.043913764676076904,-0.02372158172338355,24,19182,0.0003764487537298017,0.0008125659229041174
CAGE | HistoneChIP,mammary epithelial cell,0.038257033737061324,0.042218760865639304,-0.00396172712857798,34,25542,0.0015658760746106093,0.001028321395852904
CAGE | HistoneChIP,osteoblast,0.039938868419267234,0.04332038908909999,-0.0033815206698327577,20,16638,0.0011340931218986358,0.0009241114817532866
CAGE | RNA,bronchial epithelial cell,0.05262604262679815,0.045242037433044474,0.007384005193753679,4,5522,0.00028753217019760174,0.00033124463071608663
CAGE | RNA,hepatocyte,0.062386684119701385,0.053965235201888985,0.0084214489178124,6,6794,0.000509350746092911,0.0007032086349254311
CAGE | RNA,mammary epithelial cell,0.06078010564669967,0.05665557577457593,0.004124529872123736,16,13154,0.00032598478284476956,0.000511343336207754
CAGE | RNA,osteoblast,0.043720792979002,0.04606399490285794,-0.0023432019238559393,4,5522,0.00028316275182921173,0.00038700312488529646
CAGE | TFChIP,hepatocyte,0.0216691754758358,0.03959741509640281,-0.017928239620567013,6,7482,5.850430717209301e-05,0.00032714667384347337
CAGE | TFChIP,mammary epithelial cell,0.02861874899826944,0.04561198689852665,-0.01699323790025721,4,6210,0.0001672060637018726,0.0005223082331380553
HistoneChIP | RNA,a549,0.09156510345593023,0.05599850916446172,0.035566594291468516,104,34821,0.0021516135751352902,0.0010075910275715665
HistoneChIP | RNA,a673,0.13504498118224242,0.06963326098321451,0.06541172019902791,12,12828,0.008310305447058863,0.001908931316648775
HistoneChIP | RNA,adipose tissue,0.062354608438909054,0.062323335676112174,3.127276279688007e-05,8,17145,0.0003779045922739739,0.0012037171780871696
HistoneChIP | RNA,adrenal gland,0.07002151750670496,0.05366506988131038,0.01635644762539458,672,87364,0.001615005175605859,0.0009602693506730472
HistoneChIP | RNA,ag04450,0.02916436142004386,0.03921398537296051,-0.010049623952916649,8,9858,0.000756854561907021,0.0007155982879993531
HistoneChIP | RNA,amnion,0.08223711965709096,0.06026794813095703,0.02196917152613393,36,20616,0.0014846688656941524,0.0009670108379641186
HistoneChIP | RNA,aorta,0.05125276684173679,0.04761732924570725,0.0036354375960295365,88,31875,0.001176083181579495,0.0007687478415549214
HistoneChIP | RNA,ascending aorta,0.06763221247291024,0.05994456416615232,0.007687648306757916,22,20253,0.001351961014119601,0.001005949627980333
HistoneChIP | RNA,astrocyte,0.0983787183649838,0.06636948240335772,0.03200923596162608,16,13760,0.0003470769283507487,0.0009275711857098879
HistoneChIP | RNA,b cell,0.060312721162474534,0.04659206258500843,0.013720658577466106,42,35103,0.0015451024741179814,0.0007220747960946907
HistoneChIP | RNA,be2c,0.16746924817562103,0.08048024030088807,0.08698900787473296,1,3446,0.0,0.0010198269408843918
HistoneChIP | RNA,bipolar neuron,0.09615947562866868,0.054318035224472094,0.041841440404196586,39,25156,0.003865458612190339,0.0010533046527814527
HistoneChIP | RNA,bj,0.06674678375323613,0.05468853697422988,0.01205824677900625,6,8373,0.0006380079608904136,0.0007472766361929558
HistoneChIP | RNA,body of pancreas,0.07480501537793316,0.05354276892013463,0.021262246457798527,64,31532,0.001326586996023337,0.0007715234611132562
HistoneChIP | RNA,brain,0.044822592245922846,0.044796288193504494,2.630405241835221e-05,55,26064,0.00047829282898343177,0.0007710213376149952
HistoneChIP | RNA,breast epithelium,0.07135612778883013,0.05919118721653003,0.012164940572300102,36,20616,0.0013139853420256102,0.000985218952553968
HistoneChIP | RNA,bronchial epithelial cell,0.0519073906665047,0.04919415036001963,0.002713240306485072,6,8373,0.0022020601418534613,0.0008090617410583031
HistoneChIP | RNA,caco-2,0.092634208034724,0.056495651619637564,0.03613855641508643,6,8373,0.003445280280807969,0.0008085208348706345
HistoneChIP | RNA,cardiac muscle cell,0.09094670435836262,0.062465345343134325,0.028481359015228296,27,19224,0.004322741206069505,0.0012522295490793138
HistoneChIP | RNA,cd14-positive monocyte,0.06999722368410029,0.04615230638585964,0.023844917298240648,136,40713,0.003870331084199633,0.0007555918065819539
HistoneChIP | RNA,"cd4-positive, alpha-beta memory t cell",0.039993773683575755,0.04008653052396184,-9.27568403860865e-05,120,37218,0.0024681668695812906,0.0009120933309950212
HistoneChIP | RNA,"cd4-positive, alpha-beta t cell",0.05786055182977213,0.04323532969781248,0.014625222131959652,108,38340,0.0027464115867326397,0.0010534777962827573
HistoneChIP | RNA,"cd4-positive, cd25-positive, alpha-beta regulatory t cell",0.03596986688207835,0.03820500559680049,-0.00223513871472214,60,26524,0.0033507673109027195,0.001018641027384145
HistoneChIP | RNA,"cd8-positive, alpha-beta memory t cell",0.048182301324171325,0.04299545940466416,0.0051868419195071624,60,28404,0.001626641378033844,0.000830795880631105
HistoneChIP | RNA,"cd8-positive, alpha-beta t cell",0.05174001540198285,0.043140507395066925,0.008599508006915925,114,39817,0.0017480508153540032,0.0008265927224100783
HistoneChIP | RNA,cerebellum,0.028164198622107506,0.04264334816947762,-0.014479149547370111,4,9317,4.907013410786545e-06,0.0005779265760502718
HistoneChIP | RNA,chorion,0.05635276921320838,0.05405476140675885,0.00229800780644953,80,30402,0.0012360865820224935,0.0008065922483216034
HistoneChIP | RNA,chorionic villus,0.0417327938712333,0.04810097012739647,-0.00636817625616317,144,47202,0.001052547802866529,0.0008315956983314123
HistoneChIP | RNA,colonic mucosa,0.06003176092885302,0.05051492863356907,0.009516832295283946,56,28570,0.0018306720759324194,0.0008331671852495155
HistoneChIP | RNA,"common myeloid progenitor, cd34-positive",0.07905385860017147,0.04713449045224385,0.031919368147927625,29,45082,0.007359744483277992,0.0011971800144051554
HistoneChIP | RNA,dorsolateral prefrontal cortex,0.037941899077869344,0.0346384464699973,0.0033034526078720428,576,110748,0.0008689017909160562,0.00045237381308980604
HistoneChIP | RNA,ectodermal cell,0.04391862281408976,0.04453627712442893,-0.0006176543103391732,32,21564,0.0011251423764126911,0.0006548285772055473
HistoneChIP | RNA,endocrine pancreas,0.06762633959834392,0.05010897965115225,0.017517359947191675,52,27089,0.0034747311159215146,0.0009882389639492167
HistoneChIP | RNA,endodermal cell,0.06697293351992682,0.054009052567287,0.012963880952639825,56,25983,0.0019215420246057975,0.0009785221674485458
HistoneChIP | RNA,endothelial cell of umbilical vein,0.057125244803403405,0.04938633537690215,0.007738909426501253,121,37686,0.0039240413274607075,0.0010193390838394351
HistoneChIP | RNA,epithelial cell of proximal tubule,0.13714321702718735,0.06687281528236458,0.07027040174482277,2,5403,7.444166953002318e-05,0.0013697920294321406
HistoneChIP | RNA,esophagus,0.05826644120610408,0.05183260830729415,0.00643383289880993,84,31413,0.0010586297492424846,0.0009396377320416019
HistoneChIP | RNA,esophagus muscularis mucosa,0.07109062971236806,0.0521471108294627,0.018943518882905352,48,24510,0.0009215814058303167,0.0008456674485345637
HistoneChIP | RNA,esophagus squamous epithelium,0.07901876606047153,0.05945430891902861,0.019564457141442927,48,24510,0.00048502969257622694,0.0008029167330713557
HistoneChIP | RNA,fibroblast of breast,0.011454989027697593,0.043239649375856816,-0.03178466034815922,22,20253,0.00021440045717847475,0.0008488325214574101
HistoneChIP | RNA,fibroblast of dermis,0.10671633668243885,0.06322099208140393,0.04349534460103492,4,6888,4.8137589460300195e-05,0.0007162527977271748
HistoneChIP | RNA,fibroblast of lung,0.06250713454624929,0.052294810385447636,0.010212324160801652,50,24585,0.0013566259176297267,0.0010602992411112518
HistoneChIP | RNA,fibroblast of the aortic adventitia,0.07121728546917439,0.04903353471696715,0.022183750752207236,2,5403,0.00017440481858077908,0.0010433147376363431
HistoneChIP | RNA,fibroblast of villous mesenchyme,0.10765136405825615,0.06376970016707363,0.04388166389118252,2,5403,0.00032920096254863973,0.0011188280717597029
HistoneChIP | RNA,foreskin fibroblast,0.031835673278117996,0.052271817916808155,-0.02043614463869016,76,35975,0.0025908383159652278,0.0012883167802181525
HistoneChIP | RNA,foreskin keratinocyte,0.039734251727622905,0.04111220826627233,-0.0013779565386494233,64,31532,0.0018329229910416475,0.0008154848693778731
HistoneChIP | RNA,foreskin melanocyte,0.09068182316225241,0.06258198739271106,0.02809983576954135,68,33013,0.005552294707508287,0.0016632732334455986
HistoneChIP | RNA,gastrocnemius medialis,0.05577103872949212,0.051477622842195654,0.004293415887296467,144,42186,0.001967879959435702,0.0008514344637573271
HistoneChIP | RNA,gastroesophageal sphincter,0.0705944024521159,0.05071866363666618,0.01987573881544972,32,21564,0.0016121115978943801,0.0008681184687295545
HistoneChIP | RNA,gm12878,0.05657961893462765,0.04465701911419523,0.011922599820432422,364,73481,0.0023871390524758123,0.0008781070841431928
HistoneChIP | RNA,gm23248,0.06390070979101345,0.052313749022962396,0.011586960768051054,39,25156,0.001375163654938825,0.000977889268359922
HistoneChIP | RNA,gm23338,0.051849509318973024,0.04091538818284513,0.010934121136127892,55,26064,0.0017789562464240903,0.0006994625322912268
HistoneChIP | RNA,h1,0.030584720556589083,0.03325591264218074,-0.0026711920855916546,770,93673,0.0007072518280196464,0.000529072936600461
HistoneChIP | RNA,h7,0.08896750956773758,0.050633582467297746,0.038333927100439834,4,6888,0.00015280513282320274,0.0007472622854920205
HistoneChIP | RNA,h9,0.03808716299245134,0.03428881691188999,0.0037983460805613503,60,48468,0.0007024637535550831,0.0005258598669993977
HistoneChIP | RNA,hct116,0.09957724795318566,0.05925104765879813,0.040326200294387535,39,25156,0.002945323703186939,0.0010937258907745685
HistoneChIP | RNA,heart,0.053308867737151946,0.04139017810949163,0.011918689627660316,56,25983,0.0011133031538307892,0.000529088650591735
HistoneChIP | RNA,heart left ventricle,0.03847902531589849,0.04321567432539237,-0.00473664900949388,252,53724,0.0010115034484910867,0.0006915001950502278
HistoneChIP | RNA,heart right ventricle,0.03828880255618556,0.04317884804448006,-0.004890045488294498,110,35749,0.0013999229214707656,0.0007345548110900568
HistoneChIP | RNA,hela-s3,0.0959372882902318,0.061058759295312424,0.03487852899491938,98,34363,0.0019082374177678638,0.0009794227828561755
HistoneChIP | RNA,hepatocyte,0.09297359520052043,0.06078957866347791,0.03218401653704252,36,23673,0.0016647380797350647,0.0009423771026191964
HistoneChIP | RNA,hepg2,0.04780671111459276,0.04293389642754279,0.004872814687049969,341,76426,0.0016222570268763056,0.0006092628943739412
HistoneChIP | RNA,hues64,0.038948356456655474,0.03804794723680214,0.0009004092198533348,28,18203,0.0008566240157094366,0.0005868891799885589
HistoneChIP | RNA,imr-90,0.05047674092329753,0.03948614556397027,0.010990595359327261,348,65993,0.0006574373386620241,0.000533363947558516
HistoneChIP | RNA,"jurkat, clone e6-1",0.15659110248088837,0.07416775222732748,0.08242335025356089,1,3446,0.0,0.0009037730323280986
HistoneChIP | RNA,k562,0.05050898090755339,0.038657655589389474,0.011851325318163915,1376,189546,0.001791413186605125,0.0010342351449868909
HistoneChIP | RNA,karpas-422,0.12765164104772944,0.056749164281476125,0.07090247676625332,24,21738,0.006925836103606014,0.0011436107243810614
HistoneChIP | RNA,keratinocyte,0.05643277548176916,0.04771661845619137,0.008716157025577785,49,24038,0.001109097837715168,0.0007723022017684998
HistoneChIP | RNA,kidney,0.09469149575519935,0.059773995684549254,0.034917500070650094,198,47955,0.0030633722175550104,0.0011778157225125598
HistoneChIP | RNA,kidney epithelial cell,0.07361385071029265,0.058556718444952235,0.015057132265340417,6,8373,0.004038552820739269,0.001317192802580172
HistoneChIP | RNA,large intestine,0.06569592700993997,0.05377786160789359,0.011918065402046374,42,22563,0.0019916661107553532,0.0011692546667488642
HistoneChIP | RNA,liver,0.05847679338765172,0.047329747378264134,0.011147046009387589,288,58668,0.0030054803671636567,0.0008967968374994366
HistoneChIP | RNA,luminal epithelial cell of mammary gland,0.048227240369669744,0.044887268495154585,0.003339971874515159,8,9858,0.0035185503727026496,0.0011900121693725796
HistoneChIP | RNA,lung,0.048003619814736366,0.04722008574944042,0.0007835340652959447,312,60579,0.001484909459996174,0.0010248995409298189
HistoneChIP | RNA,mammary epithelial cell,0.049708166562007085,0.046300589940228114,0.003407576621778971,136,40713,0.001666803674746285,0.0007821770069524228
HistoneChIP | RNA,mammary stem cell,0.10402430221438408,0.06918268462150513,0.034841617592878946,2,5403,8.532786010596871e-05,0.0010918847296650215
HistoneChIP | RNA,mcf-7,0.09631598505570933,0.05654731179840774,0.039768673257301594,135,39696,0.001333990341338855,0.000988684810391546
HistoneChIP | RNA,mesenchymal stem cell,0.04538088679581768,0.04273091052728709,0.002649976268530585,132,56709,0.00040727486468162275,0.000551912510905334
HistoneChIP | RNA,mesendoderm,0.05126967962439123,0.049111022815721286,0.0021586568086699454,76,35975,0.0004894907081650518,0.0006660071236733105
HistoneChIP | RNA,mesodermal cell,0.05189911903497497,0.049059358702366475,0.002839760332608493,28,18203,0.0009191656603813794,0.000831558723711085
HistoneChIP | RNA,mononuclear cell,0.016908425837755203,0.034842057936350986,-0.017933632098595782,8,9858,0.001302975922852708,0.0007215105765923039
HistoneChIP | RNA,muscle of leg,0.054807656501361636,0.04699826638268705,0.0078093901186745834,40,23037,0.002939857832863819,0.0010191181199961257
HistoneChIP | RNA,muscle of trunk,0.05978602418326773,0.04389177965915979,0.01589424452410794,12,12828,0.0029035859204303415,0.0009933817001968747
HistoneChIP | RNA,myoepithelial cell of mammary gland,0.06670173681535137,0.05061901979333674,0.01608271702201463,24,21738,0.0021061675981492705,0.0013481943389798295
HistoneChIP | RNA,myotube,0.09770053646273234,0.053247676223422996,0.04445286023930935,22,20253,0.0024695500496080876,0.0008859004538952419
HistoneChIP | RNA,"naive thymus-derived cd4-positive, alpha-beta t cell",0.04547105579219836,0.043290596334855755,0.002180459457342604,150,41625,0.0025065393680869133,0.0008263338640857978
HistoneChIP | RNA,neural cell,0.08378022282638332,0.05522985400315697,0.028550368823226355,22,20253,0.0010885973443755673,0.0008121749532517095
HistoneChIP | RNA,neural progenitor cell,0.07428653545988102,0.05366890498697743,0.020617630472903596,24,21738,0.0021679868683678726,0.0009465160083421231
HistoneChIP | RNA,neuronal stem cell,0.045198647426096375,0.04379596023541068,0.001402687190685696,108,47823,0.00045853748116310997,0.0005443689641961415
HistoneChIP | RNA,neurosphere,0.05534442947090914,0.0461116468172143,0.009232782653694836,150,48679,0.003329251069927063,0.0007978176285898747
HistoneChIP | RNA,oci-ly7,0.09481066118718849,0.05242312822361497,0.04238753296357352,36,21165,0.0027032426062576394,0.0008915070728869475
HistoneChIP | RNA,osteoblast,0.06061284674797207,0.050469161874517623,0.010143684873454448,20,18768,0.0016465539669940975,0.0009411846031163961
HistoneChIP | RNA,panc1,0.10623700352799562,0.06431878726525253,0.041918216262743085,18,14775,0.0035047376869431247,0.0012396159428494048
HistoneChIP | RNA,pancreas,0.05922571061066201,0.05163944150765512,0.007586269103006887,228,54633,0.0014820950443361056,0.0008470781590715726
HistoneChIP | RNA,pc-3,0.08144962016376667,0.058288452198151174,0.023161167965615494,48,25608,0.0025374021807664663,0.0011288985854689747
HistoneChIP | RNA,pc-9,0.08985748136630999,0.06056110245478201,0.029296378911527976,26,23223,0.0018628081923823103,0.0009310389433062984
HistoneChIP | RNA,peripheral blood mononuclear cell,0.022578980269609018,0.03819916978905621,-0.01562018951944719,100,44861,0.0007456655076655992,0.000949904830705104
HistoneChIP | RNA,peyer's patch,0.05577630766977867,0.04426618698208073,0.011510120687697939,48,24510,0.000600444617369768,0.0005988458425189198
HistoneChIP | RNA,placenta,0.04422710695781011,0.04169393735697015,0.002533169600839963,396,69108,0.002464942756201156,0.0006658757597083119
HistoneChIP | RNA,placental basal plate,0.045413613799610175,0.04887068168178215,-0.0034570678821719755,72,28929,0.0005332478781164976,0.0006380229699500619
HistoneChIP | RNA,prostate gland,0.03776758722960949,0.057826037509915676,-0.020058450280306186,4,9317,3.3142923470157876e-05,0.0010961606405909333
HistoneChIP | RNA,psoas muscle,0.052171741602201525,0.051203649224686364,0.0009680923775151618,110,35749,0.0009094731262296097,0.0009024579081646695
HistoneChIP | RNA,right atrium auricular region,0.06791322035714983,0.055381769715415564,0.01253145064173427,20,15241,0.0012618494583272691,0.0008402209562385506
HistoneChIP | RNA,right cardiac atrium,0.029729993380606175,0.04346678337348229,-0.013736789992876114,50,26935,0.0007228046523652775,0.0006964152997719847
HistoneChIP | RNA,right lobe of liver,0.08311690255999565,0.05379223890694736,0.029324663653048297,50,26935,0.0005462639405639349,0.000609945100704739
HistoneChIP | RNA,sigmoid colon,0.052470388208348595,0.05016432920550175,0.002306059002846847,256,54656,0.000857031379358593,0.000821929097560094
HistoneChIP | RNA,sk-n-sh,0.0815880701164133,0.06037729572302771,0.021210774393385583,180,47051,0.0017493458512815889,0.0010646120319195659
HistoneChIP | RNA,skeletal muscle myoblast,0.08594752694868173,0.05768418155133932,0.028263345397342404,36,23673,0.002331451488003348,0.0010524778355871746
HistoneChIP | RNA,skeletal muscle satellite cell,0.06214219853947205,0.05631554332368718,0.005826655215784876,14,14313,0.0023811016089893924,0.001248147291183564
HistoneChIP | RNA,skeletal muscle tissue,0.040375844747024145,0.04711889135262973,-0.006743046605605582,38,32133,0.0009795841921312527,0.0008659540656633146
HistoneChIP | RNA,small intestine,0.052888314980843724,0.0487905278985982,0.0040977870822455215,266,55185,0.0010390996062129387,0.0008941738526586961
HistoneChIP | RNA,smooth muscle cell,0.10440461954405894,0.06276887258277641,0.04163574696128253,36,23673,0.003504699804630914,0.001273943104448145
HistoneChIP | RNA,spinal cord,0.04831374892334376,0.04350063856296469,0.004813110360379069,24,16722,0.000992650568779682,0.0007572867196524692
HistoneChIP | RNA,spleen,0.05107180287439095,0.0463067289232004,0.004765073951190545,551,84000,0.001179450558128892,0.0009106736738479005
HistoneChIP | RNA,stomach,0.06017836060114695,0.05372327279691111,0.006455087804235843,598,83985,0.001481038776265365,0.001126735839213184
HistoneChIP | RNA,t-cell,0.03968731869688435,0.03546033641640922,0.004226982280475126,42,22093,0.0017524518721550597,0.0006124433211777676
HistoneChIP | RNA,temporal lobe,0.009131558239459991,0.038752758619826314,-0.029621200380366322,26,23223,0.00035800466385846384,0.0006904156887829007
HistoneChIP | RNA,testis,0.09415966591664723,0.06243042091239213,0.031729245004255106,7,15188,0.00018622926315657248,0.0011900296342682013
HistoneChIP | RNA,thoracic aorta,0.09269844397733157,0.061536743999904726,0.031161699977426842,44,24127,0.0013683049136395693,0.000907456134481266
HistoneChIP | RNA,thymus,0.09107169721807752,0.059451433892838135,0.03162026332523939,84,31413,0.002207685943432753,0.0011325324670385072
HistoneChIP | RNA,thyroid gland,0.06935003049471157,0.05433034539948963,0.01501968509522194,180,46032,0.002530375722726223,0.0012007177450282995
HistoneChIP | RNA,tibial nerve,0.07008280020697082,0.05217209698343243,0.01791070322353839,48,24510,0.0020240917516567945,0.0009365190132110532
HistoneChIP | RNA,transverse colon,0.06606809228833299,0.05014674028532524,0.015921352003007753,88,31875,0.0013554767234921841,0.000892340714221616
HistoneChIP | RNA,trophoblast,0.013313556221934657,0.03551566663611104,-0.022202110414176385,60,26524,0.0004952285078158632,0.0008495480932274411
HistoneChIP | RNA,upper lobe of left lung,0.07553123034449527,0.052393461682037894,0.023137768662457377,48,29368,0.001815372878917667,0.0010149534561113846
HistoneChIP | RNA,urinary bladder,0.06003771210089326,0.05413196352110852,0.0059057485797847364,16,13760,0.0006121525588385071,0.0008455414675986842
HistoneChIP | RNA,uterus,0.10938036628067493,0.055620823223346966,0.05375954305732797,8,17145,0.0003564841885270835,0.0010844506164427066
HistoneChIP | RNA,vagina,0.11256500432888666,0.06793324278007103,0.04463176154881564,15,14232,0.00030148982955060556,0.0011982598492709141
HistoneChIP | TFChIP,22rv1,0.1261238120496273,0.06301844066118355,0.06310537138844376,6,9531,3.418475639518914e-06,0.002007237967552547
HistoneChIP | TFChIP,a549,0.12680719300328763,0.0853464858141323,0.04146070718915533,728,132077,0.005220445568888305,0.002576402268530056
HistoneChIP | TFChIP,a673,0.19346127596994242,0.08177248124825999,0.11168879472168243,12,14892,0.02979977589269158,0.0027732342186449852
HistoneChIP | TFChIP,adrenal gland,0.07034629798848376,0.0702703185363764,7.597945210735535e-05,168,62742,0.003710508632980087,0.0022289484837925517
HistoneChIP | TFChIP,ag04449,0.11308156698942184,0.06589820932322872,0.047183357666193124,1,3790,0.0,0.0016364573967001866
HistoneChIP | TFChIP,ag04450,0.06822304334491491,0.055853555058096964,0.01236948828681795,4,9283,0.0010586111249605177,0.0011442146612464744
HistoneChIP | TFChIP,ag09309,0.09269784390926361,0.06942046323492353,0.023277380674340084,1,3790,0.0,0.0011853598995775457
HistoneChIP | TFChIP,ag09319,0.11867541074752808,0.0798416141738134,0.03883379657371468,1,3790,0.0,0.0021956208397912597
HistoneChIP | TFChIP,ag10803,0.10984520614147186,0.06908757559866273,0.040757630542809134,1,3790,0.0,0.0013797767481477314
HistoneChIP | TFChIP,ascending aorta,0.08486046218736605,0.08716164644264777,-0.002301184255281724,11,22100,0.0009643723252970955,0.0020244796171834
HistoneChIP | TFChIP,astrocyte,0.12190540134906769,0.07982256216148254,0.04208283918758515,4,9283,0.0005322650153025965,0.0013869289839115468
HistoneChIP | TFChIP,b cell,0.07630091293581895,0.06690760226749955,0.009393310668319402,21,40410,0.0017456822446516194,0.001442799835048884
HistoneChIP | TFChIP,be2c,0.12757477164268494,0.07843928224233435,0.04913548940035059,1,3790,0.0,0.0013006427246597656
HistoneChIP | TFChIP,bipolar neuron,0.08388328328892851,0.060660254604865974,0.023223028684062536,78,35427,0.0062521214974172075,0.001615678743151469
HistoneChIP | TFChIP,bj,0.06274782617886861,0.06776231737946106,-0.005014491200592455,3,7452,0.0008267844292244716,0.0015332385166345183
HistoneChIP | TFChIP,body of pancreas,0.08687999123018623,0.0753668862125789,0.011513105017607328,144,46671,0.006994251538135641,0.0024668498286345803
HistoneChIP | TFChIP,breast epithelium,0.12085880451680471,0.07925702878508661,0.041601775731718096,48,26574,0.0032080826694864447,0.002263065474639804
HistoneChIP | TFChIP,c4-2b,0.16467959061264992,0.053954077856154005,0.11072551275649592,2,5747,0.006950049446377685,0.0018930453525210895
HistoneChIP | TFChIP,caco-2,0.10748035957415898,0.07826510269213957,0.02921525688201941,3,7452,0.00032025317994571235,0.0020483334511210696
HistoneChIP | TFChIP,cardiac muscle cell,0.10028483366800679,0.08104647290302874,0.01923836076497805,18,20379,0.006263790232713368,0.00211144103547313
HistoneChIP | TFChIP,cd14-positive monocyte,0.04006755719070926,0.05027536359842408,-0.01020780640771482,17,33086,0.0006623545442601968,0.0010027804379284305
HistoneChIP | TFChIP,coronary artery,0.10679583624005318,0.06954757441040475,0.037248261829648424,2,5621,0.00016601133546857716,0.001634349802711139
HistoneChIP | TFChIP,dohh2,0.18547662968436876,0.07764256926915869,0.10783406041521007,24,25866,0.02158559959745556,0.0022304457415198934
HistoneChIP | TFChIP,endothelial cell of umbilical vein,0.0998262818902731,0.06540177794342943,0.03442450394684367,55,29848,0.009896808132806939,0.0016153459845856429
HistoneChIP | TFChIP,epithelial cell of prostate,0.04299614951014519,0.043766252078051016,-0.0007701025679058282,1,3790,0.0,0.0008400728837371621
HistoneChIP | TFChIP,epithelial cell of proximal tubule,0.13426314294338226,0.08401616459438549,0.050246978348996774,1,3790,0.0,0.00208592492262612
HistoneChIP | TFChIP,esophagus muscularis mucosa,0.10338065823695312,0.07078844432433615,0.03259221391261698,48,26574,0.002715652427899033,0.0018987972749647973
HistoneChIP | TFChIP,esophagus squamous epithelium,0.1070103636981609,0.08021926082511951,0.026791102873041386,48,26574,0.003499426675240334,0.0024545052290356403
HistoneChIP | TFChIP,fibroblast of dermis,0.08206570707261562,0.07735756526840463,0.0047081418042109885,4,7576,0.0007784170589079202,0.0018161993830560184
HistoneChIP | TFChIP,fibroblast of lung,0.08249536351455997,0.07108106189070795,0.011414301623852013,30,24147,0.009715534993826273,0.001579165333241997
HistoneChIP | TFChIP,fibroblast of mammary gland,0.09344998747110367,0.06444973943814045,0.02900024803296322,1,3790,0.0,0.0016837082510853868
HistoneChIP | TFChIP,fibroblast of pulmonary artery,0.10256420075893402,0.07379786204490632,0.0287663387140277,1,3790,0.0,0.0017907819133326647
HistoneChIP | TFChIP,fibroblast of the aortic adventitia,0.10301025956869125,0.07104657503955483,0.03196368452913642,1,3790,0.0,0.00149108372561937
HistoneChIP | TFChIP,fibroblast of villous mesenchyme,0.10725130140781403,0.07674639330793535,0.030504908099878672,1,3790,0.0,0.0021054205037749083
HistoneChIP | TFChIP,foreskin fibroblast,0.061407783269379776,0.07377515690880804,-0.012367373639428261,38,38669,0.000912332462767109,0.0018203267846514702
HistoneChIP | TFChIP,gastrocnemius medialis,0.040552391096328695,0.07046644302359846,-0.029914051927269765,90,42609,0.003590641208944194,0.0019221489637138425
HistoneChIP | TFChIP,gastroesophageal sphincter,0.10525413750490936,0.06957466288939733,0.03567947461551203,44,28793,0.004086630872647455,0.0020331569105677917
HistoneChIP | TFChIP,gm06990,0.05368661507964134,0.06085851331067532,-0.00717189823103398,3,7452,0.0009256831892464159,0.0013081240332141536
HistoneChIP | TFChIP,gm08714,0.23031935095787048,0.06510229522658112,0.16521705573128936,1,3790,0.0,0.0015519183470819563
HistoneChIP | TFChIP,gm12864,0.0892636701464653,0.060749222316337184,0.028514447830128117,1,3790,0.0,0.0012617301971868176
HistoneChIP | TFChIP,gm12865,0.06996409595012665,0.06073446780584238,0.009229628144284269,1,3790,0.0,0.0011873468591693755
HistoneChIP | TFChIP,gm12878,0.09108778334916218,0.0824225143780425,0.008665268971119675,1976,317645,0.00419497917453359,0.0021824857927313333
HistoneChIP | TFChIP,gm23248,0.20605718774291185,0.06811730254477875,0.1379398851981331,26,27695,0.009379851317992946,0.002034015282164024
HistoneChIP | TFChIP,gm23338,0.07695533278456423,0.057715399236772706,0.019239933547791528,88,35659,0.00826135744605892,0.001723785016905724
HistoneChIP | TFChIP,h1,0.0817070326002706,0.07169226436063247,0.010014768239638122,2065,175606,0.004482915109787271,0.002256347273872624
HistoneChIP | TFChIP,hct116,0.14041191681574744,0.07490406641167104,0.0655078504040764,104,39293,0.019050248413659578,0.0023986785839216727
HistoneChIP | TFChIP,heart left ventricle,0.0670668251275654,0.06158371670206622,0.005483108425499178,72,40686,0.003181609234109469,0.0017983934421105072
HistoneChIP | TFChIP,hek293,0.06890247459709149,0.07204857424497804,-0.0031460996478865494,564,372663,0.003261132413214249,0.001479617579373726
HistoneChIP | TFChIP,hela-s3,0.1529907248498167,0.0802318800831726,0.07275884476664411,238,58489,0.008745907054078142,0.0020288728492281714
HistoneChIP | TFChIP,hepatocyte,0.24050855015714964,0.08118328301030345,0.1593252671468462,36,27801,0.006295594585835257,0.002461713530301374
HistoneChIP | TFChIP,hepg2,0.06628431650761094,0.07612870857344566,-0.00984439206583472,2387,440492,0.004271682736453453,0.0021402512896061916
HistoneChIP | TFChIP,hff-myc,0.09195560961961746,0.07725821422977944,0.014697395389838025,1,3790,0.0,0.0014112603074221278
HistoneChIP | TFChIP,hl-60,0.0781167283654213,0.0628353401991466,0.015281388166274695,5,11618,0.0019505037073936377,0.0014207394297638624
HistoneChIP | TFChIP,imr-90,0.07917601097566916,0.06136603283130923,0.01780997814435993,377,77870,0.003068917127525629,0.0013790098750342174
HistoneChIP | TFChIP,k562,0.1047862217777031,0.07017753247890418,0.034608689298798914,6576,821325,0.005325222490787618,0.0017053146606428463
HistoneChIP | TFChIP,keratinocyte,0.03108246365029897,0.05872871552327226,-0.02764625187297329,7,14776,0.000555040613875303,0.0011622672998035724
HistoneChIP | TFChIP,kidney epithelial cell,0.07784014443556468,0.0724618367035303,0.005378307732034376,3,7452,0.0006781840366754596,0.0022026148741006446
HistoneChIP | TFChIP,kms-11,0.18498002178967,0.09767238842938245,0.08730763336028755,8,16607,0.0007983690292658607,0.002611071755182921
HistoneChIP | TFChIP,liver,0.08484051542740748,0.06978362435767801,0.015056891069729461,816,108966,0.0034628361746945864,0.0016317437493065783
HistoneChIP | TFChIP,lncap clone fgc,0.05778680369257927,0.0657251417104805,-0.007938338017901225,1,3790,0.0,0.0026648445718702044
HistoneChIP | TFChIP,loucy,0.1567751762146751,0.08266860907960101,0.07410656713507409,24,25866,0.016871885400461428,0.0027993205053031024
HistoneChIP | TFChIP,mammary epithelial cell,0.07992658503901433,0.055814574096745284,0.024112010942269044,34,35011,0.008988962991690254,0.0016394577929254727
HistoneChIP | TFChIP,mcf-7,0.13514054704376216,0.07115057432736414,0.06398997271639802,1575,230040,0.00434319615769178,0.0018916181067392904
HistoneChIP | TFChIP,mm.1s,0.3326770385934247,0.1033725427053561,0.22930449588806856,36,27801,0.030498419852126743,0.003521546190538384
HistoneChIP | TFChIP,myotube,0.11783865195783702,0.06955616506826966,0.048282486889567364,11,22100,0.0010247954073786258,0.0012394014020919069
HistoneChIP | TFChIP,nb4,0.09872018545866013,0.07535463003844317,0.023365555420216955,1,3790,0.0,0.0015877950510204183
HistoneChIP | TFChIP,nci-h929,0.2257183063775301,0.09544287195660435,0.13027543442092576,8,16607,0.001037000768695312,0.003086754468542183
HistoneChIP | TFChIP,neural cell,0.1338253923024311,0.07996982457569479,0.0538555677267363,77,33722,0.015715707671729518,0.002840908870296855
HistoneChIP | TFChIP,neural progenitor cell,0.18423590891891056,0.07452301074822776,0.1097128981706828,36,27801,0.009947707688615748,0.0019344270352821226
HistoneChIP | TFChIP,neutrophil,0.12876340873878112,0.06781060913304746,0.06095279960573366,11,22100,0.010925033323630987,0.0016514346556863535
HistoneChIP | TFChIP,nt2/d1,0.10782881950338681,0.07516732941602422,0.03266149008736259,12,14892,0.004317946989999464,0.0018376616521022498
HistoneChIP | TFChIP,oci-ly1,0.13395263051444833,0.07453605694734214,0.059416573567106196,11,22100,0.002387007893557523,0.0022833818569384856
HistoneChIP | TFChIP,oci-ly3,0.19529197398911824,0.07821558504720148,0.11707638894191676,22,24037,0.019390012049949702,0.0027470283504327083
HistoneChIP | TFChIP,oci-ly7,0.16474627289507124,0.07376370726726136,0.09098256562780987,18,20379,0.02002740073477479,0.0027691658606641854
HistoneChIP | TFChIP,panc1,0.12410827718364696,0.07487554378911684,0.04923273339453012,24,18786,0.011987979332005103,0.0023909929866633905
HistoneChIP | TFChIP,parathyroid adenoma,0.26921960239609083,0.12076692910193922,0.14845267329415163,30,31353,0.00768699098555925,0.0038138755815239136
HistoneChIP | TFChIP,pc-3,0.26567328431540066,0.08507030353203894,0.18060298078336173,36,27801,0.021717401825580365,0.003009222144292941
HistoneChIP | TFChIP,pc-9,0.22487288751663306,0.08376938533306053,0.14110350218357254,39,29628,0.023799461994260897,0.0026766194631704775
HistoneChIP | TFChIP,peyer's patch,0.10952203927768601,0.07412927580402594,0.03539276347366008,36,22680,0.003133475669850075,0.0025357555471745086
HistoneChIP | TFChIP,prostate gland,0.09863503898183505,0.07188922132085154,0.02674581766098351,6,13575,0.0015810379549524474,0.002406327998444705
HistoneChIP | TFChIP,retinal pigment epithelial cell,0.10528860241174698,0.08326900929749648,0.022019593114250502,1,3790,0.0,0.0024652640507163443
HistoneChIP | TFChIP,right atrium auricular region,0.10016605779528617,0.09104155575692188,0.00912450203836429,5,11114,0.001425048710122244,0.0025099060588385912
HistoneChIP | TFChIP,right lobe of liver,0.1305559940636158,0.0891783273392594,0.04137766672435639,10,13063,0.00744154598739874,0.0031088709176063933
HistoneChIP | TFChIP,rwpe1,0.04719655215740204,0.03221362171754485,0.01498293043985719,1,3790,0.0,0.0007214580500959811
HistoneChIP | TFChIP,rwpe2,0.06518283486366272,0.03788575797786164,0.027297076885801082,1,3790,0.0,0.0008246261400966549
HistoneChIP | TFChIP,sigmoid colon,0.07952625575368681,0.07262692534889907,0.00689933040478774,240,58233,0.00295070851407844,0.001870793557059062
HistoneChIP | TFChIP,sk-n-mc,0.1935465911196338,0.08718404793576112,0.10636254318387267,18,16839,0.009963756391765777,0.0025115495054427077
HistoneChIP | TFChIP,sk-n-sh,0.10800695040632395,0.07702787763992325,0.030979072766400703,380,73121,0.008316187118229582,0.002338594838664821
HistoneChIP | TFChIP,skeletal muscle myoblast,0.2018829391648372,0.07832745482059213,0.12355548434424508,12,23931,0.009336798803299087,0.002003396381148449
HistoneChIP | TFChIP,smooth muscle cell,0.12513837032020092,0.08318447015507237,0.04195390016512855,12,23931,0.0007424637034390662,0.0021354778980900635
HistoneChIP | TFChIP,spleen,0.06404534738829713,0.06019331442784854,0.003852032960448594,228,57879,0.0025151427822463768,0.0017982350346562957
HistoneChIP | TFChIP,stomach,0.07855799490156957,0.06752615316293294,0.011031841738636639,276,65115,0.003040267825792463,0.0018582050115540675
HistoneChIP | TFChIP,su-dhl-6,0.1894198026508093,0.0768678041196937,0.1125519985311156,20,22208,0.0162892565526445,0.002852512136866008
HistoneChIP | TFChIP,testis,0.12342086682717006,0.08399747941042986,0.0394233874167402,3,7704,0.002268445139244228,0.0023229495252507374
HistoneChIP | TFChIP,thoracic aorta,0.09563930501992052,0.08442264225303343,0.011216662766887084,11,22100,0.0008214877991059022,0.0021349085603924534
HistoneChIP | TFChIP,thyroid gland,0.08174746056966897,0.08517897494078985,-0.0034315143711208806,90,42609,0.0034170966635579027,0.002982877819521778
HistoneChIP | TFChIP,tibial artery,0.0371292382478714,0.06877235691961546,-0.03164311867174406,4,9283,0.0003637048510594029,0.0019669680527377286
HistoneChIP | TFChIP,tibial nerve,0.08029111309553541,0.07534577646447316,0.004945336631062253,42,24627,0.0038680582147947616,0.0021858017964777373
HistoneChIP | TFChIP,transverse colon,0.10983482524876087,0.07591020908599623,0.03392461616276464,132,43407,0.004565500575101437,0.0022441934307940743
HistoneChIP | TFChIP,upper lobe of left lung,0.11110248363443784,0.07093023809598543,0.0401722455384524,56,34646,0.0037169050447944142,0.0021701095477329223
HistoneChIP | TFChIP,uterus,0.17271886579692364,0.07358857419281474,0.0991302916041089,4,9661,0.002395392362896164,0.001914939803059578
HistoneChIP | TFChIP,vagina,0.1205827243393287,0.07590996292755277,0.04467276141177594,18,17217,0.005665895797393877,0.002067183641832052
HistoneChIP | TFChIP,vcap,0.05811990052461624,0.05568756028938629,0.0024323402352299517,1,3790,0.0,0.0018351016313585856
HistoneChIP | TFChIP,weri-rb-1,0.09091093391180038,0.07067697907416418,0.02023395483763621,1,3790,0.0,0.0021931187202314907
HistoneChIP | TFChIP,wi38,0.11277169734239578,0.08979496512071668,0.022976732221679105,2,5621,1.0220138424443803e-07,0.001815548883519931
RNA | TFChIP,a549,0.07547655116572319,0.05097267729500268,0.024503873870720505,448,97152,0.0009070715226333018,0.0007660539193937279
RNA | TFChIP,a673,0.061017509549856186,0.05464707141597586,0.006370438133880323,4,6636,7.302410226302236e-05,0.0009733167326103302
RNA | TFChIP,adrenal gland,0.080607444099668,0.05843700603594742,0.022170438063720578,144,52638,0.0013677691217295895,0.00089900774665818
RNA | TFChIP,ag04450,0.02208516513928771,0.03510727854627172,-0.01302211340698401,2,5151,7.779298505917521e-05,0.00033581826905950784
RNA | TFChIP,ascending aorta,0.05563203804194927,0.04684544109766274,0.008786596944286532,2,5151,2.9743942975866272e-05,0.0005443614619494446
RNA | TFChIP,astrocyte,0.03963396651670337,0.05062932424206031,-0.010995357725356945,4,8813,0.00013523557280430208,0.0006423529014069041
RNA | TFChIP,b cell,0.02290740003809333,0.038524284468796396,-0.015616884430703068,2,5151,0.00015164656179111045,0.0006300215451614324
RNA | TFChIP,be2c,0.056963689625263214,0.054669201358941,0.0022944882663222116,1,3320,0.0,0.0010391880420634893
RNA | TFChIP,bipolar neuron,0.051487765289493836,0.04316941707119149,0.008318348218302345,18,14397,0.0018600418237666029,0.0010496978598200778
RNA | TFChIP,bj,0.01410719146952033,0.036625506727320775,-0.022518315257800445,2,5151,1.2986728123070288e-05,0.00048418837869296976
RNA | TFChIP,body of pancreas,0.06838071492448863,0.04924871994032763,0.019131994984161002,36,20661,0.001574010315064921,0.0007406555400565878
RNA | TFChIP,breast epithelium,0.07312082215988387,0.05774416005731792,0.015376662102565955,48,22814,0.0006515178720822822,0.0007473604995659236
RNA | TFChIP,caco-2,0.03447807393968105,0.04843462229184724,-0.013956548352166184,2,5151,7.114282776169573e-06,0.000732356137734078
RNA | TFChIP,cardiac muscle cell,0.04724664427340031,0.05133990548723144,-0.004093261213831134,6,8465,0.0001002562280612517,0.0007880389612312652
RNA | TFChIP,cd14-positive monocyte,0.014153308933600783,0.04182230948881079,-0.02766900055521001,8,16137,3.215271663328166e-05,0.0004895839186192612
RNA | TFChIP,endothelial cell of umbilical vein,0.05693052247462964,0.046109925911540506,0.010820596563089133,55,27498,0.002640093749847712,0.0007599433936506424
RNA | TFChIP,epithelial cell of proximal tubule,0.026058217510581017,0.04412338438269012,-0.0180651668721091,2,5151,1.82456469988157e-05,0.0005533399792684683
RNA | TFChIP,esophagus muscularis mucosa,0.06458032832597382,0.04627589864146277,0.018304429684511056,64,26448,0.0007132722894069316,0.0005123044675345717
RNA | TFChIP,esophagus squamous epithelium,0.06614368152804673,0.05337584776801536,0.01276783376003137,64,26448,0.0005302519670352564,0.0006545908288300701
RNA | TFChIP,fibroblast of dermis,0.030391240492463112,0.04231310270933549,-0.01192186221687238,4,6636,5.3747525292923565e-05,0.000727766643811509
RNA | TFChIP,fibroblast of lung,0.013629305098826686,0.03489312523751188,-0.021263820138685198,15,13602,8.246679147353537e-05,0.0004295373678768453
RNA | TFChIP,fibroblast of the aortic adventitia,0.005988378659822047,0.028923000215225682,-0.022934621555403635,2,5151,4.550543495764441e-06,0.00039021510580994074
RNA | TFChIP,fibroblast of villous mesenchyme,0.02085181698203087,0.042370829200300004,-0.021519012218269136,2,5151,1.2680756583671737e-07,0.0007136874405795435
RNA | TFChIP,foreskin fibroblast,0.008772441273322329,0.025565378763438628,-0.0167929374901163,8,10294,0.0002181392106654064,0.0006634668807910576
RNA | TFChIP,gastrocnemius medialis,0.06933346558362245,0.0548797091048564,0.014453756478766053,40,22029,0.0005267840681345238,0.0007662550594939106
RNA | TFChIP,gastroesophageal sphincter,0.061915200923315504,0.0481352520111839,0.013779948912131607,88,30867,0.0006541725523157072,0.0005228505747027113
RNA | TFChIP,gm12878,0.05728162744392313,0.05060187188192107,0.0066797555620020585,4256,269140,0.0010358944308048231,0.0007431660828906639
RNA | TFChIP,gm12891,0.10342138207384519,0.05564101995431142,0.047780362119533765,7,12242,0.0043110373615171445,0.0008883641685681117
RNA | TFChIP,gm12892,0.12225197907537222,0.05617883217618576,0.06607314689918646,4,7781,0.005647383350970304,0.000840724463934571
RNA | TFChIP,gm23248,0.038075272498341896,0.04342526792413946,-0.005349995425797567,6,8465,0.0004462462140861186,0.0005199875435175766
RNA | TFChIP,gm23338,0.03146325937705115,0.031706529810402846,-0.00024327043335169857,40,20997,0.0018366470007852142,0.000608210411009908
RNA | TFChIP,h1,0.03639777983657677,0.0395899090274969,-0.003192129190920129,1298,125581,0.0007201624697038148,0.0007241311192109658
RNA | TFChIP,hct116,0.0765719721869876,0.05306289254617369,0.023509079640813904,24,17363,0.0018403369381176328,0.0008794613163413713
RNA | TFChIP,heart left ventricle,0.046474431840968985,0.044239236422725696,0.0022351954182432895,56,31506,0.0005211130397051417,0.00047048184232494723
RNA | TFChIP,hela-s3,0.07061136752257452,0.04911599199317706,0.02149537552939746,119,37906,0.0008349784278376014,0.000707482395663539
RNA | TFChIP,hepatocyte,0.04978773991266886,0.04670846562603016,0.003079274286638699,9,9948,0.00011483430991180224,0.0006733290342943641
RNA | TFChIP,hepg2,0.04580976548028507,0.04337060859293238,0.002439156887352689,6727,366482,0.0006987647649442656,0.0006158309282683725
RNA | TFChIP,imr-90,0.03805298015490385,0.03812251691787236,-6.95367629685098e-05,156,41041,0.0006889115579068407,0.0005377089948666247
RNA | TFChIP,ishikawa,0.08163736831574213,0.05995988484699144,0.02167748346875069,21,15880,0.0017106254147929581,0.00083646452266968
RNA | TFChIP,k562,0.04345605309827752,0.045875699127318724,-0.0024196460290412045,35346,698925,0.0007174470390653657,0.0007765720078695792
RNA | TFChIP,keratinocyte,0.01221978835695024,0.03995907250453971,-0.027739284147589464,7,14306,5.587612282520075e-05,0.0006168463982538347
RNA | TFChIP,kidney epithelial cell,0.025262880604714155,0.04546392547587582,-0.020201044871161665,2,5151,9.446004198215515e-05,0.0006569743534841381
RNA | TFChIP,liver,0.06936570061325077,0.04935353764718766,0.02001216296606311,408,71806,0.0008639527123901715,0.0006502328068585467
RNA | TFChIP,lower leg skin,0.0664226676162798,0.05315706936933305,0.013265598246946744,64,26448,0.00028957112450306993,0.0005651096436234157
RNA | TFChIP,mammary epithelial cell,0.030413924308959395,0.04537569340096423,-0.014961769092004834,16,17610,6.117573432653145e-05,0.0005767977871942581
RNA | TFChIP,mcf 10a,0.053066589217633006,0.039914670189408676,0.01315191902822433,20,18516,0.0009755176699634896,0.000844504479588531
RNA | TFChIP,mcf-7,0.09693956840512338,0.05098940754381152,0.045950160861311866,945,170952,0.00172699979161281,0.0009348290412426919
RNA | TFChIP,myotube,0.056261759251356125,0.05446229082655863,0.0017994684247974943,2,5151,9.248536970984933e-08,0.0009278772997789791
RNA | TFChIP,neural cell,0.05898685886391571,0.04343427398873221,0.015552584875183503,14,14061,0.00028521011080174814,0.0005211842512380122
RNA | TFChIP,neural progenitor cell,0.021683088620193303,0.0337769739447556,-0.0120938853245623,6,8121,0.00023120643658431142,0.00039973140438133393
RNA | TFChIP,oci-ly7,0.06028394028544426,0.052295214702374936,0.007988725583069324,8,10294,0.0003507390605371023,0.0007886695713441353
RNA | TFChIP,omental fat pad,0.07413628480086724,0.056790405840589246,0.017345878960277998,24,19083,0.00020436395497919115,0.0006584635266521964
RNA | TFChIP,ovary,0.05531654355872888,0.05074057161508147,0.004575971943647408,80,42456,0.00047769025865912603,0.0007242757117975505
RNA | TFChIP,panc1,0.09622073592618108,0.06001915571387847,0.03620158021230261,12,11431,0.004028065912748695,0.001348591635512428
RNA | TFChIP,pc-3,0.08006063507248957,0.06442388585966312,0.015636749212826456,12,11775,0.0008713836206504597,0.0009781693150338108
RNA | TFChIP,pc-9,0.04211973833541075,0.05360672726970025,-0.011486988934289497,6,8121,0.00020558187925480984,0.00066489610010435
RNA | TFChIP,peyer's patch,0.05198138684500009,0.04390960013998677,0.008071786705013316,48,23502,0.0005410162020629871,0.0004975493284767377
RNA | TFChIP,pfsk-1,0.1237125713378191,0.06679949453710354,0.056913076800715556,4,7781,0.0031254851870750437,0.00148224891786478
RNA | TFChIP,prostate gland,0.0849779852045079,0.05582511278612028,0.02915287241838762,24,16218,0.00026505015236092614,0.0006078691018357027
RNA | TFChIP,right atrium auricular region,0.03417941881343722,0.04573711495337584,-0.011557696139938615,4,8813,3.526159223041637e-05,0.0004606159602685055
RNA | TFChIP,right lobe of liver,0.08151437230408191,0.05282968400503456,0.028684688299047356,20,21268,0.0009859479111437742,0.0006955990111879116
RNA | TFChIP,sigmoid colon,0.06049856631046471,0.051051047060653644,0.009447519249811069,240,51183,0.0008488174806208673,0.0005966068994113422
RNA | TFChIP,sk-n-sh,0.05488241347892765,0.047185100430787066,0.007697313048140586,171,44446,0.0011301090770919715,0.0007844772155479992
RNA | TFChIP,skeletal muscle myoblast,0.0871504619717598,0.06349945838156941,0.023651003590190386,3,6982,5.94594963276851e-06,0.0007395399606052004
RNA | TFChIP,smooth muscle cell,0.04905044659972191,0.05491342411305848,-0.005862977513336573,3,6982,6.755226540373438e-05,0.0008208214370410112
RNA | TFChIP,spleen,0.057040222569224266,0.04731496326330735,0.009725259305916917,348,70329,0.0006048563506995132,0.0006153074964885146
RNA | TFChIP,stomach,0.07590991292948811,0.05825470712080545,0.017655205808682656,312,64902,0.0007128546917650781,0.0008087493557834145
RNA | TFChIP,subcutaneous adipose tissue,0.06791709596291184,0.04815867257096102,0.019758423391950823,8,16137,8.967256810471155e-05,0.0006186518804406071
RNA | TFChIP,suprapubic skin,0.06013292075496995,0.051783992443039654,0.008348928311930293,72,27921,0.0004035287129660458,0.0004945785463283414
RNA | TFChIP,t47d,0.08452561094115178,0.05328751178864542,0.03123809915250636,24,16218,0.0004195398057697053,0.000845750916502362
RNA | TFChIP,testis,0.08860294804686591,0.05989845046005088,0.028704497586815036,21,17256,0.00012722599067387964,0.0006759038414922234
RNA | TFChIP,thoracic aorta,0.03841894818469882,0.05015381847414801,-0.011734870289449188,4,8813,0.0001225769726019121,0.0006008852378133786
RNA | TFChIP,thyroid gland,0.062238755151629445,0.05359990510497352,0.008638850046655926,50,25675,0.0006610864952870869,0.0007432418283268767
RNA | TFChIP,tibial nerve,0.06940400025009044,0.04655518740086677,0.022848812849223674,56,24975,0.0005382320432588596,0.0005600073054373737
RNA | TFChIP,transverse colon,0.07237537923113753,0.05243780743826273,0.0199375717928748,96,32340,0.0012553569609072895,0.0006155605557422398
RNA | TFChIP,upper lobe of left lung,0.05491712459340869,0.04650013501754083,0.00841698957586786,168,42506,0.0005982969427931915,0.0006062602369508265
RNA | TFChIP,uterus,0.05794057250022888,0.04907234347842678,0.0088682290218021,32,20556,0.00023855128737210358,0.0006196932815812316
RNA | TFChIP,vagina,0.07147207483649254,0.05314324947802416,0.01832882535846838,30,18039,0.0002337482921525181,0.0005954688697241066
